Game Turn, Player, Regional Strength, Enemy Strength, Other Strength, Current Explorers, Desired Explorers
60, 1, 155, 40, 75, 1:1, 2:3, TECH_STIRRUPS
60, 2, 105, 0, 40, 2:0, 1:3, TECH_HORSEBACK_RIDING
60, 3, 80, 35, 50, 0:0, 1:3, TECH_HORSEBACK_RIDING
60, 4, 80, 55, 105, 1:2, 1:3, TECH_HORSEBACK_RIDING
60, 5, 165, 25, 90, 1:3, 1:3, TECH_THE_WHEEL
60, 6, 115, 75, 45, 0:0, 2:1, TECH_IRON_WORKING
60, 7, 86, 90, 40, 3:0, 2:1, TECH_HORSEBACK_RIDING
60, 8, 205, 0, 81, 0:0, 0:1, NO_TECH
60, 9, 120, 10, 25, 0:0, 0:1, TECH_STIRRUPS
60, 10, 115, 0, 60, 0:0, 0:1, NO_TECH
60, 11, 135, 0, 85, 0:0, 0:1, NO_TECH
60, 12, 101, 10, 40, 0:0, 0:1, NO_TECH
60, 13, 130, 10, 0, 0:0, 0:1, NO_TECH
60, 14, 115, 0, 0, 0:0, 0:1, TECH_HORSEBACK_RIDING
60, 15, 70, 10, 50, 0:0, 0:1, TECH_HORSEBACK_RIDING
60, 16, 125, 0, 0, 0:0, 0:1, TECH_IRON_WORKING
60, 17, 90, 30, 70, 0:0, 0:1, TECH_HORSEBACK_RIDING
60, 18, 115, 65, 0, 0:0, 0:1, TECH_HORSEBACK_RIDING
60, 19, 81, 0, 50, 0:0, 0:1, NO_TECH
60, 20, 140, 0, 40, 0:0, 0:1, NO_TECH
60, 21, 130, 0, 90, 0:0, 0:1, TECH_HORSEBACK_RIDING
60, 22, 150, 20, 10, 0:0, 0:1, TECH_HORSEBACK_RIDING
60, 23, 95, 0, 40, 0:0, 0:1, TECH_HORSEBACK_RIDING
60, 24, 115, 0, 85, 0:0, 0:1, NO_TECH
60, 25, 95, 55, 70, 0:0, 0:1, TECH_HORSEBACK_RIDING
61, 0, 40, 0, 0, 2:0, 3:3, TECH_IRON_WORKING
61, 1, 155, 45, 100, 1:0, 1:3, TECH_STIRRUPS
61, 2, 105, 0, 65, 2:0, 1:3, TECH_HORSEBACK_RIDING
61, 3, 60, 35, 25, 0:0, 1:3, TECH_HORSEBACK_RIDING
61, 4, 80, 55, 110, 2:0, 1:3, TECH_HORSEBACK_RIDING
61, 5, 165, 25, 70, 2:1, 1:3, TECH_THE_WHEEL
61, 6, 105, 55, 45, 0:0, 2:1, TECH_IRON_WORKING
61, 7, 111, 110, 40, 2:0, 2:1, TECH_HORSEBACK_RIDING
61, 8, 230, 0, 81, 0:0, 0:1, NO_TECH
61, 9, 120, 10, 25, 0:0, 0:1, TECH_STIRRUPS
61, 10, 115, 0, 60, 0:0, 0:1, NO_TECH
61, 11, 115, 0, 85, 0:0, 0:1, NO_TECH
61, 12, 101, 0, 40, 0:0, 0:1, NO_TECH
61, 13, 130, 0, 20, 0:0, 0:1, NO_TECH
61, 14, 115, 0, 0, 0:0, 0:1, TECH_HORSEBACK_RIDING
61, 15, 70, 10, 50, 0:0, 0:1, TECH_HORSEBACK_RIDING
61, 16, 150, 0, 0, 0:0, 0:1, TECH_IRON_WORKING
61, 17, 90, 30, 90, 0:0, 0:1, TECH_HORSEBACK_RIDING
61, 18, 115, 65, 10, 0:0, 0:1, TECH_HORSEBACK_RIDING
61, 19, 81, 0, 75, 0:0, 0:1, NO_TECH
61, 20, 140, 0, 70, 0:0, 0:1, NO_TECH
61, 21, 130, 0, 50, 0:0, 0:1, TECH_HORSEBACK_RIDING
61, 22, 150, 20, 10, 0:0, 0:1, TECH_HORSEBACK_RIDING
61, 23, 95, 0, 40, 0:0, 0:1, TECH_STIRRUPS
61, 24, 140, 0, 85, 0:0, 0:1, NO_TECH
61, 25, 95, 75, 95, 0:0, 0:1, TECH_STIRRUPS
62, 0, 40, 0, 0, 2:0, 3:3, TECH_IRON_WORKING
62, 1, 150, 45, 100, 1:0, 1:3, TECH_STIRRUPS
62, 2, 105, 0, 65, 2:0, 1:3, TECH_HORSEBACK_RIDING
62, 3, 80, 35, 0, 0:0, 1:3, TECH_STIRRUPS
62, 4, 105, 30, 130, 2:1, 1:3, TECH_HORSEBACK_RIDING
62, 5, 165, 10, 65, 2:1, 1:3, TECH_THE_WHEEL
62, 6, 105, 55, 45, 0:0, 2:1, TECH_IRON_WORKING
62, 7, 111, 110, 20, 2:0, 2:1, TECH_HORSEBACK_RIDING
62, 8, 230, 0, 95, 0:0, 0:1, NO_TECH
62, 9, 120, 10, 25, 0:0, 0:1, TECH_STIRRUPS
62, 10, 115, 0, 85, 0:0, 0:1, TECH_HORSEBACK_RIDING
62, 11, 135, 0, 85, 0:0, 0:1, NO_TECH
62, 12, 101, 0, 60, 0:0, 0:1, NO_TECH
62, 13, 130, 0, 20, 0:0, 0:1, NO_TECH
62, 14, 115, 0, 0, 0:0, 0:1, TECH_HORSEBACK_RIDING
62, 15, 95, 10, 50, 0:0, 0:1, TECH_HORSEBACK_RIDING
62, 16, 150, 0, 0, 0:0, 0:1, TECH_IRON_WORKING
62, 17, 90, 20, 90, 0:0, 0:1, TECH_HORSEBACK_RIDING
62, 18, 115, 65, 10, 0:0, 0:1, TECH_HORSEBACK_RIDING
62, 19, 81, 0, 75, 0:0, 0:1, NO_TECH
62, 20, 140, 0, 70, 0:0, 0:1, NO_TECH
62, 21, 110, 0, 50, 0:0, 0:1, TECH_HORSEBACK_RIDING
62, 22, 150, 45, 20, 0:0, 0:1, TECH_HORSEBACK_RIDING
62, 23, 100, 0, 40, 0:0, 0:1, TECH_STIRRUPS
62, 24, 140, 0, 110, 0:0, 0:1, NO_TECH
62, 25, 120, 65, 115, 0:0, 0:1, TECH_STIRRUPS
63, 0, 40, 0, 0, 2:0, 3:3, TECH_IRON_WORKING
63, 1, 150, 45, 100, 1:0, 1:3, TECH_STIRRUPS
63, 2, 105, 0, 101, 2:0, 1:3, TECH_HORSEBACK_RIDING
63, 3, 80, 45, 50, 0:0, 1:3, TECH_STIRRUPS
63, 4, 105, 20, 150, 2:1, 1:3, TECH_HORSEBACK_RIDING
63, 5, 165, 10, 65, 2:1, 1:3, TECH_THE_WHEEL
63, 6, 105, 55, 20, 0:0, 2:1, TECH_IRON_WORKING
63, 7, 111, 110, 40, 2:0, 2:1, TECH_HORSEBACK_RIDING
63, 8, 230, 0, 95, 0:0, 0:1, NO_TECH
63, 9, 120, 10, 25, 0:0, 0:1, TECH_STIRRUPS
63, 10, 115, 0, 85, 0:0, 0:1, TECH_HORSEBACK_RIDING
63, 11, 135, 0, 65, 0:0, 0:1, NO_TECH
63, 12, 137, 0, 105, 0:0, 0:1, NO_TECH
63, 13, 130, 0, 20, 0:0, 0:1, NO_TECH
63, 14, 140, 0, 0, 0:0, 0:1, TECH_HORSEBACK_RIDING
63, 15, 115, 10, 75, 0:0, 0:1, TECH_HORSEBACK_RIDING
63, 16, 155, 0, 0, 0:0, 0:1, TECH_IRON_WORKING
63, 17, 90, 20, 90, 0:0, 0:1, TECH_HORSEBACK_RIDING
63, 18, 115, 45, 20, 0:0, 0:1, TECH_HORSEBACK_RIDING
63, 19, 81, 0, 100, 0:0, 0:1, NO_TECH
63, 20, 140, 0, 85, 0:0, 0:1, NO_TECH
63, 21, 110, 0, 50, 0:0, 0:1, TECH_HORSEBACK_RIDING
63, 22, 150, 65, 20, 0:0, 0:1, TECH_HORSEBACK_RIDING
63, 23, 140, 10, 25, 0:0, 0:1, TECH_STIRRUPS
63, 24, 140, 0, 110, 0:0, 0:1, NO_TECH
63, 25, 120, 65, 95, 0:0, 0:1, TECH_STIRRUPS
64, 0, 40, 0, 0, 2:0, 3:3, TECH_IRON_WORKING
64, 1, 150, 60, 75, 1:0, 1:3, TECH_STIRRUPS
64, 2, 105, 0, 76, 2:0, 1:3, TECH_HORSEBACK_RIDING
64, 3, 88, 45, 50, 0:0, 1:3, TECH_STIRRUPS
64, 4, 125, 50, 150, 2:1, 1:3, TECH_HORSEBACK_RIDING
64, 5, 165, 10, 65, 2:1, 1:3, TECH_THE_WHEEL
64, 6, 125, 45, 20, 1:0, 2:1, TECH_IRON_WORKING
64, 7, 104, 110, 40, 3:0, 2:1, TECH_HORSEBACK_RIDING
64, 8, 255, 0, 95, 0:0, 0:1, NO_TECH
64, 9, 100, 10, 40, 0:0, 0:1, TECH_STIRRUPS
64, 10, 115, 0, 85, 0:0, 0:1, TECH_HORSEBACK_RIDING
64, 11, 135, 0, 20, 0:0, 0:1, NO_TECH
64, 12, 137, 0, 105, 0:0, 0:1, NO_TECH
64, 13, 130, 0, 25, 0:0, 0:1, NO_TECH
64, 14, 140, 0, 0, 0:0, 0:1, TECH_HORSEBACK_RIDING
64, 15, 95, 10, 75, 0:0, 0:1, TECH_HORSEBACK_RIDING
64, 16, 130, 0, 0, 0:0, 0:1, TECH_IRON_WORKING
64, 17, 115, 0, 110, 0:0, 0:1, TECH_HORSEBACK_RIDING
64, 18, 140, 45, 20, 0:0, 0:1, TECH_HORSEBACK_RIDING
64, 19, 81, 0, 100, 0:0, 0:1, NO_TECH
64, 20, 140, 0, 85, 0:0, 0:1, NO_TECH
64, 21, 110, 0, 50, 0:0, 0:1, TECH_HORSEBACK_RIDING
64, 22, 150, 65, 20, 0:0, 0:1, TECH_HORSEBACK_RIDING
64, 23, 140, 10, 25, 0:0, 0:1, TECH_STIRRUPS
64, 24, 165, 0, 110, 0:0, 0:1, NO_TECH
64, 25, 120, 65, 115, 0:0, 0:1, TECH_STIRRUPS
65, 0, 65, 0, 10, 2:0, 3:3, TECH_IRON_WORKING
65, 1, 150, 45, 81, 1:0, 1:3, TECH_STIRRUPS
65, 2, 105, 0, 101, 2:0, 1:3, TECH_STIRRUPS
65, 3, 93, 45, 50, 1:0, 1:3, TECH_STIRRUPS
65, 4, 125, 50, 150, 2:1, 1:3, TECH_HORSEBACK_RIDING
65, 5, 165, 10, 90, 2:1, 1:3, TECH_THE_WHEEL
65, 6, 125, 45, 20, 0:0, 2:1, TECH_IRON_WORKING
65, 7, 104, 90, 40, 3:0, 2:1, TECH_HORSEBACK_RIDING
65, 8, 230, 0, 81, 0:0, 0:1, NO_TECH
65, 9, 120, 0, 40, 0:0, 0:1, TECH_STIRRUPS
65, 10, 115, 0, 85, 0:0, 0:1, TECH_HORSEBACK_RIDING
65, 11, 135, 0, 20, 0:0, 0:1, NO_TECH
65, 12, 137, 0, 105, 0:0, 0:1, NO_TECH
65, 13, 130, 25, 95, 0:0, 0:1, TECH_HORSEBACK_RIDING
65, 14, 140, 0, 0, 0:0, 0:1, TECH_HORSEBACK_RIDING
65, 15, 115, 0, 75, 0:0, 0:1, TECH_HORSEBACK_RIDING
65, 16, 135, 0, 0, 0:0, 0:1, TECH_IRON_WORKING
65, 17, 115, 10, 100, 0:0, 0:1, TECH_HORSEBACK_RIDING
65, 18, 120, 25, 20, 0:0, 0:1, TECH_HORSEBACK_RIDING
65, 19, 81, 0, 100, 0:0, 0:1, NO_TECH
65, 20, 140, 0, 85, 0:0, 0:1, NO_TECH
65, 21, 110, 0, 50, 0:0, 0:1, TECH_HORSEBACK_RIDING
65, 22, 150, 65, 30, 0:0, 0:1, TECH_HORSEBACK_RIDING
65, 23, 140, 10, 20, 0:0, 0:1, TECH_STIRRUPS
65, 24, 165, 0, 65, 0:0, 0:1, NO_TECH
65, 25, 120, 50, 90, 0:0, 0:1, TECH_STIRRUPS
66, 0, 65, 0, 10, 2:0, 3:3, TECH_IRON_WORKING
66, 1, 150, 60, 100, 0:0, 1:3, TECH_STIRRUPS
66, 2, 105, 0, 101, 2:0, 1:3, TECH_STIRRUPS
66, 3, 93, 25, 75, 0:0, 1:3, TECH_STIRRUPS
66, 4, 125, 40, 130, 2:1, 1:3, TECH_HORSEBACK_RIDING
66, 5, 165, 0, 130, 2:1, 1:3, TECH_THE_WHEEL
66, 6, 125, 45, 0, 0:0, 2:1, TECH_IRON_WORKING
66, 7, 76, 75, 40, 3:0, 2:1, TECH_HORSEBACK_RIDING
66, 8, 230, 0, 70, 0:0, 0:1, NO_TECH
66, 9, 120, 0, 45, 0:0, 0:1, TECH_STIRRUPS
66, 10, 115, 0, 85, 0:0, 0:1, TECH_HORSEBACK_RIDING
66, 11, 135, 0, 25, 0:0, 0:1, NO_TECH
66, 12, 137, 0, 105, 0:0, 0:1, NO_TECH
66, 13, 155, 25, 95, 0:0, 0:1, TECH_HORSEBACK_RIDING
66, 14, 165, 0, 0, 0:0, 0:1, TECH_HORSEBACK_RIDING
66, 15, 115, 0, 56, 0:0, 0:1, TECH_HORSEBACK_RIDING
66, 16, 155, 0, 0, 0:0, 0:1, TECH_IRON_WORKING
66, 17, 115, 100, 0, 0:0, 0:1, TECH_HORSEBACK_RIDING
66, 18, 120, 25, 20, 0:0, 0:1, TECH_HORSEBACK_RIDING
66, 19, 81, 0, 100, 0:0, 0:1, NO_TECH
66, 20, 140, 0, 110, 0:0, 0:1, NO_TECH
66, 21, 110, 25, 75, 0:0, 0:1, TECH_HORSEBACK_RIDING
66, 22, 175, 55, 50, 0:0, 0:1, TECH_HORSEBACK_RIDING
66, 23, 140, 10, 20, 0:0, 0:1, TECH_STIRRUPS
66, 24, 165, 0, 65, 0:0, 0:1, NO_TECH
66, 25, 120, 50, 70, 0:0, 0:1, TECH_STIRRUPS
67, 0, 65, 0, 10, 2:0, 3:3, TECH_IRON_WORKING
67, 1, 150, 40, 100, 0:0, 1:3, TECH_STIRRUPS
67, 2, 105, 0, 137, 2:0, 1:3, TECH_STIRRUPS
67, 3, 93, 25, 50, 0:0, 1:3, TECH_STIRRUPS
67, 4, 100, 20, 110, 2:0, 1:3, TECH_HORSEBACK_RIDING
67, 5, 165, 65, 115, 1:1, 1:3, TECH_THE_WHEEL
67, 6, 105, 45, 0, 0:0, 2:1, TECH_IRON_WORKING
67, 7, 76, 50, 40, 3:0, 2:1, TECH_HORSEBACK_RIDING
67, 8, 230, 0, 85, 0:0, 0:1, NO_TECH
67, 9, 120, 0, 45, 0:0, 0:1, TECH_STIRRUPS
67, 10, 115, 20, 65, 0:0, 0:1, TECH_HORSEBACK_RIDING
67, 11, 135, 0, 25, 0:0, 0:1, NO_TECH
67, 12, 173, 0, 85, 0:0, 0:1, NO_TECH
67, 13, 155, 25, 95, 0:0, 0:1, TECH_HORSEBACK_RIDING
67, 14, 165, 0, 0, 0:0, 0:1, TECH_HORSEBACK_RIDING
67, 15, 115, 0, 36, 0:0, 0:1, TECH_HORSEBACK_RIDING
67, 16, 135, 0, 0, 0:0, 0:1, TECH_IRON_WORKING
67, 17, 115, 120, 0, 0:0, 0:1, TECH_HORSEBACK_RIDING
67, 18, 120, 25, 45, 0:0, 0:1, TECH_HORSEBACK_RIDING
67, 19, 81, 0, 100, 0:0, 0:1, NO_TECH
67, 20, 140, 0, 110, 0:0, 0:1, NO_TECH
67, 21, 110, 25, 95, 0:0, 0:1, TECH_STIRRUPS
67, 22, 175, 35, 70, 0:0, 0:1, TECH_HORSEBACK_RIDING
67, 23, 165, 10, 45, 0:0, 0:1, TECH_STIRRUPS
67, 24, 165, 0, 65, 0:0, 0:1, NO_TECH
67, 25, 120, 30, 45, 0:0, 0:1, TECH_STIRRUPS
68, 0, 65, 0, 0, 3:0, 3:3, TECH_IRON_WORKING
68, 1, 170, 40, 100, 1:0, 1:3, TECH_STIRRUPS
68, 2, 105, 0, 137, 2:0, 1:3, TECH_STIRRUPS
68, 3, 93, 45, 50, 0:0, 1:3, TECH_STIRRUPS
68, 4, 100, 30, 110, 2:0, 1:3, TECH_HORSEBACK_RIDING
68, 5, 165, 65, 115, 1:1, 1:3, TECH_THE_WHEEL
68, 6, 85, 45, 0, 0:0, 2:1, TECH_IRON_WORKING
68, 7, 48, 60, 40, 3:0, 2:1, TECH_HORSEBACK_RIDING
68, 8, 230, 0, 85, 0:0, 0:1, NO_TECH
68, 9, 100, 0, 45, 0:0, 0:1, TECH_STIRRUPS
68, 10, 115, 20, 85, 0:0, 0:1, TECH_HORSEBACK_RIDING
68, 11, 135, 0, 25, 0:0, 0:1, NO_TECH
68, 12, 173, 0, 80, 0:0, 0:1, NO_TECH
68, 13, 155, 25, 70, 0:0, 0:1, TECH_HORSEBACK_RIDING
68, 14, 165, 0, 0, 0:0, 0:1, TECH_HORSEBACK_RIDING
68, 15, 90, 0, 56, 0:0, 0:1, TECH_HORSEBACK_RIDING
68, 16, 155, 0, 0, 0:0, 0:1, TECH_IRON_WORKING
68, 17, 115, 120, 0, 0:0, 0:1, TECH_HORSEBACK_RIDING
68, 18, 120, 25, 45, 0:0, 0:1, TECH_HORSEBACK_RIDING
68, 19, 81, 0, 100, 0:0, 0:1, NO_TECH
68, 20, 140, 0, 95, 0:0, 0:1, NO_TECH
68, 21, 130, 25, 70, 0:0, 0:1, TECH_STIRRUPS
68, 22, 175, 45, 70, 0:0, 0:1, TECH_HORSEBACK_RIDING
68, 23, 165, 10, 45, 0:0, 0:1, TECH_STIRRUPS
68, 24, 190, 0, 65, 0:0, 0:1, NO_TECH
68, 25, 120, 10, 45, 0:0, 0:1, TECH_STIRRUPS
69, 0, 65, 0, 0, 3:0, 3:3, TECH_IRON_WORKING
69, 1, 170, 0, 115, 0:0, 1:3, TECH_STIRRUPS
69, 2, 105, 0, 137, 2:0, 1:3, TECH_STIRRUPS
69, 3, 73, 0, 50, 0:0, 1:3, TECH_STIRRUPS
69, 4, 100, 30, 110, 2:0, 1:3, TECH_HORSEBACK_RIDING
69, 5, 140, 90, 130, 1:0, 1:3, TECH_THE_WHEEL
69, 6, 85, 45, 0, 0:0, 2:1, TECH_IRON_WORKING
69, 7, 48, 60, 0, 3:0, 2:1, TECH_HORSEBACK_RIDING
69, 8, 230, 0, 105, 0:0, 0:1, NO_TECH
69, 9, 120, 0, 45, 0:0, 0:1, TECH_STIRRUPS
69, 10, 115, 20, 60, 0:0, 0:1, TECH_HORSEBACK_RIDING
69, 11, 135, 0, 25, 0:0, 0:1, NO_TECH
69, 12, 173, 0, 80, 0:0, 0:1, NO_TECH
69, 13, 140, 25, 70, 0:0, 0:1, TECH_HORSEBACK_RIDING
69, 14, 165, 0, 0, 0:0, 0:1, TECH_HORSEBACK_RIDING
69, 15, 95, 0, 61, 0:0, 0:1, TECH_HORSEBACK_RIDING
69, 16, 160, 0, 0, 0:0, 0:1, TECH_IRON_WORKING
69, 17, 115, 120, 0, 0:0, 0:1, TECH_STIRRUPS
69, 18, 95, 25, 70, 0:0, 0:1, TECH_HORSEBACK_RIDING
69, 19, 81, 0, 125, 0:0, 0:1, NO_TECH
69, 20, 140, 0, 70, 0:0, 0:1, NO_TECH
69, 21, 110, 25, 115, 0:0, 0:1, TECH_STIRRUPS
69, 22, 175, 35, 90, 0:0, 0:1, TECH_HORSEBACK_RIDING
69, 23, 165, 10, 25, 0:0, 0:1, TECH_STIRRUPS
69, 24, 190, 0, 65, 0:0, 0:1, NO_TECH
69, 25, 120, 0, 70, 0:0, 0:1, TECH_STIRRUPS
70, 0, 65, 0, 0, 3:0, 3:3, TECH_IRON_WORKING
70, 1, 195, 0, 140, 0:0, 1:3, TECH_STIRRUPS
70, 2, 105, 0, 137, 2:0, 1:3, TECH_STIRRUPS
70, 3, 73, 0, 50, 0:0, 1:3, TECH_STIRRUPS
70, 4, 100, 30, 110, 2:0, 1:3, TECH_HORSEBACK_RIDING
70, 5, 150, 90, 130, 1:0, 1:3, TECH_THE_WHEEL
70, 6, 85, 45, 0, 2:0, 2:1, TECH_IRON_WORKING
70, 7, 48, 60, 0, 3:0, 2:1, TECH_HORSEBACK_RIDING
70, 8, 230, 0, 105, 0:0, 0:1, NO_TECH
70, 9, 120, 0, 70, 0:0, 0:1, TECH_STIRRUPS
70, 10, 115, 20, 60, 0:0, 0:1, TECH_STIRRUPS
70, 11, 115, 0, 50, 0:0, 0:1, NO_TECH
70, 12, 173, 0, 80, 0:0, 0:1, TECH_STIRRUPS
70, 13, 140, 10, 70, 0:0, 0:1, TECH_HORSEBACK_RIDING
70, 14, 190, 0, 0, 0:0, 0:1, TECH_STIRRUPS
70, 15, 95, 0, 61, 0:0, 0:1, TECH_IRON_WORKING
70, 16, 140, 0, 0, 0:0, 0:1, TECH_IRON_WORKING
70, 17, 90, 100, 0, 0:0, 0:1, TECH_STIRRUPS
70, 18, 100, 0, 70, 0:0, 0:1, TECH_HORSEBACK_RIDING
70, 19, 81, 0, 125, 0:0, 0:1, NO_TECH
70, 20, 140, 35, 70, 0:0, 0:1, TECH_IRON_WORKING
70, 21, 110, 0, 95, 0:0, 0:1, TECH_STIRRUPS
70, 22, 175, 35, 60, 0:0, 0:1, TECH_HORSEBACK_RIDING
70, 23, 165, 0, 25, 0:0, 0:1, TECH_STIRRUPS
70, 24, 190, 0, 40, 0:0, 0:1, NO_TECH
70, 25, 120, 0, 95, 0:0, 0:1, TECH_STIRRUPS
71, 0, 65, 0, 0, 3:0, 3:3, TECH_IRON_WORKING
71, 1, 195, 0, 140, 0:0, 1:3, TECH_STIRRUPS
71, 2, 140, 0, 137, 2:0, 1:3, TECH_STIRRUPS
71, 3, 53, 0, 25, 0:0, 1:3, TECH_STIRRUPS
71, 4, 100, 20, 90, 2:0, 1:3, TECH_HORSEBACK_RIDING
71, 5, 175, 65, 110, 1:0, 1:3, TECH_THE_WHEEL
71, 6, 85, 45, 25, 0:0, 2:1, TECH_IRON_WORKING
71, 7, 48, 60, 0, 2:0, 2:1, TECH_HORSEBACK_RIDING
71, 8, 230, 0, 105, 0:0, 0:1, NO_TECH
71, 9, 120, 0, 25, 0:0, 0:1, TECH_STIRRUPS
71, 10, 115, 0, 85, 0:0, 0:1, TECH_STIRRUPS
71, 11, 110, 0, 25, 0:0, 0:1, NO_TECH
71, 12, 173, 0, 80, 0:0, 0:1, TECH_STIRRUPS
71, 13, 140, 10, 95, 0:0, 0:1, TECH_HORSEBACK_RIDING
71, 14, 190, 0, 0, 0:0, 0:1, TECH_STIRRUPS
71, 15, 95, 0, 61, 0:0, 0:1, TECH_IRON_WORKING
71, 16, 165, 0, 0, 0:0, 0:1, TECH_IRON_WORKING
71, 17, 90, 100, 0, 0:0, 0:1, TECH_STIRRUPS
71, 18, 125, 0, 50, 0:0, 0:1, TECH_HORSEBACK_RIDING
71, 19, 117, 0, 125, 0:0, 0:1, NO_TECH
71, 20, 140, 35, 70, 0:0, 0:1, TECH_IRON_WORKING
71, 21, 110, 0, 70, 0:0, 0:1, TECH_STIRRUPS
71, 22, 175, 25, 40, 0:0, 0:1, TECH_STIRRUPS
71, 23, 190, 0, 50, 0:0, 0:1, TECH_STIRRUPS
71, 24, 215, 0, 65, 0:0, 0:1, NO_TECH
71, 25, 120, 0, 95, 0:0, 0:1, TECH_STIRRUPS
72, 0, 65, 0, 0, 3:0, 3:3, TECH_IRON_WORKING
72, 1, 195, 0, 140, 0:0, 1:3, TECH_STIRRUPS
72, 2, 140, 0, 137, 2:0, 1:3, TECH_STIRRUPS
72, 3, 53, 0, 25, 0:0, 1:3, TECH_STIRRUPS
72, 4, 100, 20, 95, 2:0, 1:3, TECH_HORSEBACK_RIDING
72, 5, 175, 65, 130, 0:0, 1:3, TECH_THE_WHEEL
72, 6, 110, 45, 25, 1:0, 2:1, TECH_IRON_WORKING
72, 7, 48, 70, 0, 1:0, 2:1, TECH_HORSEBACK_RIDING
72, 8, 255, 0, 105, 0:0, 0:1, NO_TECH
72, 9, 100, 0, 45, 0:0, 0:1, TECH_STIRRUPS
72, 10, 115, 0, 85, 0:0, 0:1, TECH_STIRRUPS
72, 11, 135, 0, 45, 0:0, 0:1, NO_TECH
72, 12, 137, 0, 105, 0:0, 0:1, TECH_STIRRUPS
72, 13, 140, 10, 65, 0:0, 0:1, TECH_HORSEBACK_RIDING
72, 14, 190, 0, 0, 0:0, 0:1, NO_TECH
72, 15, 95, 0, 81, 0:0, 0:1, TECH_STIRRUPS
72, 16, 160, 0, 0, 0:0, 0:1, TECH_IRON_WORKING
72, 18, 125, 0, 50, 0:0, 0:1, TECH_HORSEBACK_RIDING
72, 19, 117, 0, 100, 0:0, 0:1, NO_TECH
72, 20, 140, 35, 50, 0:0, 0:1, TECH_IRON_WORKING
72, 21, 110, 0, 65, 0:0, 0:1, NO_TECH
72, 22, 175, 0, 60, 0:0, 0:1, TECH_STIRRUPS
72, 23, 190, 0, 70, 0:0, 0:1, TECH_STIRRUPS
72, 24, 215, 0, 65, 0:0, 0:1, NO_TECH
72, 25, 120, 0, 95, 0:0, 0:1, TECH_STIRRUPS
73, 0, 65, 0, 0, 3:0, 3:3, TECH_IRON_WORKING
73, 1, 195, 0, 165, 0:0, 1:3, TECH_STIRRUPS
73, 2, 165, 0, 101, 2:0, 1:3, TECH_STIRRUPS
73, 3, 53, 0, 50, 0:0, 1:3, TECH_STIRRUPS
73, 4, 100, 0, 135, 2:0, 1:3, TECH_HORSEBACK_RIDING
73, 5, 185, 65, 140, 1:0, 1:3, TECH_THE_WHEEL
73, 6, 110, 45, 25, 1:0, 2:1, TECH_IRON_WORKING
73, 7, 76, 70, 0, 2:0, 2:1, TECH_HORSEBACK_RIDING
73, 8, 230, 0, 105, 0:0, 0:1, NO_TECH
73, 9, 120, 0, 45, 0:0, 0:1, TECH_STIRRUPS
73, 10, 115, 0, 85, 0:0, 0:1, TECH_STIRRUPS
73, 11, 135, 0, 65, 0:0, 0:1, NO_TECH
73, 12, 137, 0, 105, 0:0, 0:1, TECH_STIRRUPS
73, 13, 140, 0, 90, 0:0, 0:1, TECH_HORSEBACK_RIDING
73, 14, 190, 0, 0, 0:0, 0:1, NO_TECH
73, 15, 95, 0, 81, 0:0, 0:1, TECH_STIRRUPS
73, 16, 185, 0, 0, 0:0, 0:1, TECH_IRON_WORKING
73, 18, 125, 0, 50, 0:0, 0:1, TECH_HORSEBACK_RIDING
73, 19, 117, 0, 95, 0:0, 0:1, NO_TECH
73, 20, 140, 25, 70, 0:0, 0:1, TECH_IRON_WORKING
73, 21, 130, 0, 70, 0:0, 0:1, NO_TECH
73, 22, 175, 0, 60, 0:0, 0:1, TECH_STIRRUPS
73, 23, 190, 0, 45, 0:0, 0:1, TECH_STIRRUPS
73, 24, 215, 0, 65, 0:0, 0:1, NO_TECH
73, 25, 120, 0, 75, 0:0, 0:1, TECH_STIRRUPS
74, 0, 65, 10, 0, 3:0, 3:3, TECH_IRON_WORKING
74, 1, 195, 0, 185, 0:0, 1:3, TECH_STIRRUPS
74, 2, 140, 0, 101, 2:0, 1:3, TECH_STIRRUPS
74, 3, 53, 0, 50, 0:0, 1:3, TECH_STIRRUPS
74, 4, 100, 20, 155, 2:0, 1:3, TECH_HORSEBACK_RIDING
74, 5, 185, 65, 165, 1:0, 1:3, TECH_THE_WHEEL
74, 6, 115, 55, 0, 1:0, 2:1, TECH_IRON_WORKING
74, 7, 76, 90, 0, 2:0, 2:1, TECH_STIRRUPS
74, 8, 205, 0, 105, 0:0, 0:1, NO_TECH
74, 9, 100, 0, 100, 0:0, 0:1, TECH_STIRRUPS
74, 10, 115, 0, 85, 0:0, 0:1, TECH_STIRRUPS
74, 11, 115, 0, 85, 0:0, 0:1, NO_TECH
74, 12, 173, 0, 80, 0:0, 0:1, TECH_STIRRUPS
74, 13, 140, 25, 90, 0:0, 0:1, TECH_IRON_WORKING
74, 14, 190, 0, 0, 0:0, 0:1, NO_TECH
74, 15, 95, 0, 75, 0:0, 0:1, TECH_STIRRUPS
74, 16, 185, 0, 0, 0:0, 0:1, TECH_STIRRUPS
74, 18, 100, 0, 25, 0:0, 0:1, TECH_HORSEBACK_RIDING
74, 19, 117, 0, 95, 0:0, 0:1, NO_TECH
74, 20, 140, 35, 45, 0:0, 0:1, TECH_STIRRUPS
74, 21, 130, 0, 95, 0:0, 0:1, NO_TECH
74, 22, 175, 0, 80, 0:0, 0:1, TECH_STIRRUPS
74, 23, 190, 0, 50, 0:0, 0:1, TECH_STIRRUPS
74, 24, 240, 0, 40, 0:0, 0:1, NO_TECH
74, 25, 120, 0, 85, 0:0, 0:1, TECH_STIRRUPS
75, 0, 65, 10, 0, 3:0, 3:3, NO_TECH
75, 1, 195, 0, 185, 0:0, 1:3, TECH_STIRRUPS
75, 2, 165, 0, 117, 2:0, 1:3, TECH_STIRRUPS
75, 3, 53, 0, 50, 0:0, 1:3, TECH_STIRRUPS
75, 4, 100, 20, 155, 2:0, 1:3, TECH_HORSEBACK_RIDING
75, 5, 175, 65, 190, 1:0, 1:3, TECH_THE_WHEEL
75, 6, 115, 55, 0, 1:0, 2:1, TECH_HORSEBACK_RIDING
75, 7, 66, 80, 20, 2:0, 2:1, TECH_STIRRUPS
75, 8, 205, 0, 105, 0:0, 0:1, NO_TECH
75, 9, 120, 0, 75, 0:0, 0:1, TECH_STIRRUPS
75, 10, 115, 0, 110, 0:0, 0:1, TECH_STIRRUPS
75, 11, 115, 0, 85, 0:0, 0:1, NO_TECH
75, 12, 173, 0, 105, 0:0, 0:1, TECH_STIRRUPS
75, 13, 140, 25, 90, 0:0, 0:1, TECH_IRON_WORKING
75, 14, 190, 0, 0, 0:0, 0:1, NO_TECH
75, 15, 95, 0, 75, 0:0, 0:1, TECH_STIRRUPS
75, 16, 185, 0, 0, 0:0, 0:1, TECH_STIRRUPS
75, 18, 145, 0, 0, 0:0, 0:1, TECH_HORSEBACK_RIDING
75, 19, 117, 0, 70, 0:0, 0:1, NO_TECH
75, 20, 140, 35, 45, 0:0, 0:1, TECH_STIRRUPS
75, 21, 110, 0, 100, 0:0, 0:1, NO_TECH
75, 22, 175, 0, 80, 0:0, 0:1, TECH_STIRRUPS
75, 23, 190, 0, 50, 0:0, 0:1, TECH_STIRRUPS
75, 24, 240, 0, 40, 0:0, 0:1, NO_TECH
75, 25, 120, 0, 85, 0:0, 0:1, TECH_STIRRUPS
76, 0, 65, 40, 175, 3:0, 2:2, TECH_IRON_WORKING
76, 1, 215, 0, 160, 1:0, 1:3, TECH_STIRRUPS
76, 2, 165, 0, 97, 2:0, 1:3, TECH_STIRRUPS
76, 3, 81, 0, 50, 0:0, 1:3, TECH_STIRRUPS
76, 4, 100, 20, 135, 2:0, 1:3, TECH_HORSEBACK_RIDING
76, 5, 175, 75, 140, 1:0, 1:3, TECH_HORSEBACK_RIDING
76, 6, 115, 30, 20, 1:0, 2:1, TECH_HORSEBACK_RIDING
76, 7, 66, 80, 20, 2:0, 2:1, TECH_STIRRUPS
76, 8, 205, 0, 105, 0:0, 0:1, NO_TECH
76, 9, 120, 0, 75, 0:0, 0:1, TECH_STIRRUPS
76, 10, 115, 0, 110, 0:0, 0:1, TECH_STIRRUPS
76, 11, 135, 0, 85, 0:0, 0:1, NO_TECH
76, 12, 173, 0, 105, 0:0, 0:1, TECH_STIRRUPS
76, 13, 140, 25, 90, 0:0, 0:1, TECH_IRON_WORKING
76, 14, 210, 0, 0, 0:0, 0:1, NO_TECH
76, 15, 95, 0, 92, 0:0, 0:1, TECH_STIRRUPS
76, 16, 205, 0, 0, 0:0, 0:1, TECH_STIRRUPS
76, 18, 145, 0, 0, 0:0, 0:1, TECH_HORSEBACK_RIDING
76, 19, 117, 0, 95, 0:0, 0:1, NO_TECH
76, 20, 140, 35, 45, 0:0, 0:1, TECH_STIRRUPS
76, 21, 110, 35, 85, 0:0, 0:1, TECH_STIRRUPS
76, 22, 175, 10, 80, 0:0, 0:1, TECH_STIRRUPS
76, 23, 215, 0, 50, 0:0, 0:1, TECH_STIRRUPS
76, 24, 240, 35, 40, 0:0, 0:1, TECH_STIRRUPS
76, 25, 120, 0, 85, 0:0, 0:1, TECH_STIRRUPS
77, 0, 65, 40, 175, 3:0, 2:2, TECH_IRON_WORKING
77, 1, 215, 0, 160, 1:0, 1:3, TECH_STIRRUPS
77, 2, 165, 0, 97, 2:0, 1:3, TECH_STIRRUPS
77, 3, 81, 0, 50, 0:0, 1:3, TECH_STIRRUPS
77, 4, 100, 20, 155, 2:0, 1:3, TECH_HORSEBACK_RIDING
77, 5, 175, 55, 165, 1:0, 1:3, TECH_HORSEBACK_RIDING
77, 6, 110, 30, 45, 1:0, 2:1, TECH_HORSEBACK_RIDING
77, 7, 66, 80, 20, 2:0, 2:1, TECH_STIRRUPS
77, 8, 205, 0, 85, 0:0, 0:1, NO_TECH
77, 9, 120, 0, 75, 0:0, 0:1, TECH_STIRRUPS
77, 10, 115, 0, 110, 0:0, 0:1, TECH_STIRRUPS
77, 11, 135, 0, 60, 0:0, 0:1, NO_TECH
77, 12, 153, 0, 130, 0:0, 0:1, TECH_STIRRUPS
77, 13, 140, 0, 90, 0:0, 0:1, TECH_IRON_WORKING
77, 14, 190, 0, 45, 0:0, 0:1, NO_TECH
77, 15, 95, 0, 125, 0:0, 0:1, TECH_STIRRUPS
77, 16, 205, 0, 0, 0:0, 0:1, TECH_STIRRUPS
77, 18, 145, 0, 0, 0:0, 0:1, TECH_IRON_WORKING
77, 19, 117, 0, 95, 0:0, 0:1, NO_TECH
77, 20, 140, 10, 95, 0:0, 0:1, TECH_STIRRUPS
77, 21, 130, 35, 105, 0:0, 0:1, TECH_STIRRUPS
77, 22, 175, 10, 80, 0:0, 0:1, TECH_STIRRUPS
77, 23, 190, 0, 75, 0:0, 0:1, TECH_STIRRUPS
77, 24, 265, 35, 40, 0:0, 0:1, TECH_STIRRUPS
77, 25, 120, 0, 130, 0:0, 0:1, TECH_STIRRUPS
78, 0, 65, 40, 175, 3:0, 2:2, TECH_STIRRUPS
78, 1, 175, 0, 160, 1:0, 1:3, TECH_STIRRUPS
78, 2, 190, 0, 70, 2:0, 1:3, TECH_STIRRUPS
78, 3, 81, 0, 50, 0:0, 1:3, TECH_STIRRUPS
78, 4, 100, 45, 155, 2:0, 1:3, TECH_HORSEBACK_RIDING
78, 5, 175, 80, 190, 1:0, 1:3, TECH_HORSEBACK_RIDING
78, 6, 110, 30, 45, 1:0, 2:1, TECH_HORSEBACK_RIDING
78, 7, 66, 40, 0, 2:0, 2:1, TECH_STIRRUPS
78, 8, 205, 0, 85, 0:0, 0:1, NO_TECH
78, 9, 120, 0, 75, 0:0, 0:1, TECH_STIRRUPS
78, 10, 115, 0, 70, 0:0, 0:1, TECH_STIRRUPS
78, 11, 110, 0, 85, 0:0, 0:1, NO_TECH
78, 12, 173, 0, 130, 0:0, 0:1, TECH_STIRRUPS
78, 13, 140, 0, 90, 0:0, 0:1, TECH_IRON_WORKING
78, 14, 210, 0, 25, 0:0, 0:1, NO_TECH
78, 15, 95, 0, 125, 0:0, 0:1, TECH_STIRRUPS
78, 16, 205, 0, 0, 0:0, 0:1, TECH_STIRRUPS
78, 18, 145, 0, 0, 0:0, 0:1, TECH_STIRRUPS
78, 19, 153, 0, 95, 0:0, 0:1, NO_TECH
78, 20, 140, 0, 115, 0:0, 0:1, TECH_STIRRUPS
78, 21, 130, 35, 125, 0:0, 0:1, TECH_STIRRUPS
78, 22, 175, 35, 80, 0:0, 0:1, TECH_STIRRUPS
78, 23, 190, 0, 75, 0:0, 0:1, TECH_STIRRUPS
78, 24, 265, 35, 80, 0:0, 0:1, TECH_STIRRUPS
78, 25, 120, 0, 90, 0:0, 0:1, TECH_STIRRUPS
79, 0, 65, 65, 175, 3:0, 2:2, TECH_IRON_WORKING
79, 1, 155, 0, 160, 1:0, 1:3, TECH_STIRRUPS
79, 2, 165, 0, 85, 2:0, 1:3, TECH_STIRRUPS
79, 3, 106, 0, 50, 0:0, 1:3, TECH_STIRRUPS
79, 4, 100, 65, 135, 2:1, 1:3, TECH_HORSEBACK_RIDING
79, 5, 175, 80, 215, 1:0, 1:3, TECH_HORSEBACK_RIDING
79, 6, 110, 10, 25, 0:0, 2:1, TECH_STIRRUPS
79, 7, 66, 40, 20, 2:0, 2:1, TECH_STIRRUPS
79, 8, 230, 0, 81, 0:0, 0:1, NO_TECH
79, 9, 120, 0, 75, 0:0, 0:1, TECH_STIRRUPS
79, 10, 115, 0, 110, 0:0, 0:1, TECH_STIRRUPS
79, 11, 110, 0, 85, 0:0, 0:1, NO_TECH
79, 12, 198, 0, 130, 0:0, 0:1, TECH_STIRRUPS
79, 13, 140, 0, 90, 0:0, 0:1, TECH_IRON_WORKING
79, 14, 210, 0, 0, 0:0, 0:1, NO_TECH
79, 15, 95, 0, 100, 0:0, 0:1, TECH_STIRRUPS
79, 16, 225, 0, 0, 0:0, 0:1, TECH_STIRRUPS
79, 18, 145, 0, 25, 0:0, 0:1, TECH_STIRRUPS
79, 19, 153, 0, 95, 0:0, 0:1, NO_TECH
79, 20, 140, 0, 115, 0:0, 0:1, TECH_STIRRUPS
79, 21, 130, 35, 105, 0:0, 0:1, TECH_STIRRUPS
79, 22, 175, 35, 70, 0:0, 0:1, TECH_STIRRUPS
79, 23, 190, 0, 95, 0:0, 0:1, TECH_STIRRUPS
79, 24, 265, 35, 100, 0:0, 0:1, TECH_STIRRUPS
79, 25, 120, 0, 115, 0:0, 0:1, TECH_STIRRUPS
80, 0, 65, 101, 175, 3:0, 2:2, TECH_STIRRUPS
80, 1, 135, 0, 160, 0:0, 1:3, TECH_STIRRUPS
80, 2, 165, 0, 70, 2:0, 1:3, TECH_STIRRUPS
80, 3, 106, 0, 50, 0:0, 1:3, TECH_STIRRUPS
80, 4, 100, 45, 135, 1:0, 1:3, TECH_STIRRUPS
80, 5, 175, 80, 240, 1:0, 1:3, TECH_HORSEBACK_RIDING
80, 6, 90, 10, 25, 0:0, 2:1, TECH_STIRRUPS
80, 7, 66, 76, 20, 1:0, 2:1, TECH_STIRRUPS
80, 8, 230, 0, 65, 0:0, 0:1, NO_TECH
80, 9, 120, 0, 75, 0:0, 0:1, TECH_STIRRUPS
80, 10, 140, 0, 110, 0:0, 0:1, TECH_STIRRUPS
80, 11, 135, 0, 85, 0:0, 0:1, NO_TECH
80, 12, 198, 0, 110, 0:0, 0:1, TECH_STIRRUPS
80, 13, 140, 0, 115, 0:0, 0:1, TECH_IRON_WORKING
80, 14, 210, 0, 0, 0:0, 0:1, NO_TECH
80, 15, 95, 0, 100, 0:0, 0:1, TECH_STIRRUPS
80, 16, 250, 0, 0, 0:0, 0:1, TECH_STIRRUPS
80, 18, 145, 0, 25, 0:0, 0:1, TECH_STIRRUPS
80, 19, 153, 0, 145, 0:0, 0:1, NO_TECH
80, 20, 140, 0, 115, 0:0, 0:1, TECH_STIRRUPS
80, 21, 130, 25, 65, 0:0, 0:1, TECH_STIRRUPS
80, 22, 175, 71, 70, 0:0, 0:1, TECH_STIRRUPS
80, 23, 190, 0, 100, 0:0, 0:1, TECH_STIRRUPS
80, 24, 265, 25, 100, 0:0, 0:1, TECH_STIRRUPS
80, 25, 120, 0, 135, 0:0, 0:1, TECH_STIRRUPS
81, 0, 65, 81, 175, 3:0, 2:2, TECH_STIRRUPS
81, 1, 135, 0, 160, 1:0, 1:3, TECH_STIRRUPS
81, 2, 165, 0, 60, 2:0, 1:3, TECH_STIRRUPS
81, 3, 106, 0, 50, 0:0, 1:3, NO_TECH
81, 4, 100, 45, 115, 1:0, 1:3, TECH_STIRRUPS
81, 5, 175, 45, 215, 1:0, 1:3, TECH_HORSEBACK_RIDING
81, 6, 90, 10, 45, 0:0, 2:1, TECH_STIRRUPS
81, 7, 66, 96, 20, 1:0, 2:1, TECH_STIRRUPS
81, 8, 230, 0, 81, 0:0, 0:1, NO_TECH
81, 9, 120, 0, 100, 0:0, 0:1, TECH_STIRRUPS
81, 10, 140, 0, 110, 0:0, 0:1, TECH_STIRRUPS
81, 11, 135, 0, 85, 0:0, 0:1, NO_TECH
81, 12, 198, 0, 110, 0:0, 0:1, TECH_STIRRUPS
81, 13, 140, 0, 140, 0:0, 0:1, TECH_IRON_WORKING
81, 14, 210, 0, 0, 0:0, 0:1, NO_TECH
81, 15, 95, 0, 125, 0:0, 0:1, TECH_STIRRUPS
81, 16, 225, 0, 0, 0:0, 0:1, TECH_STIRRUPS
81, 18, 120, 0, 25, 0:0, 0:1, TECH_STIRRUPS
81, 19, 153, 0, 145, 0:0, 0:1, NO_TECH
81, 20, 140, 0, 115, 0:0, 0:1, TECH_STIRRUPS
81, 21, 130, 0, 65, 0:0, 0:1, TECH_STIRRUPS
81, 22, 175, 71, 60, 0:0, 0:1, TECH_STIRRUPS
81, 23, 190, 0, 80, 0:0, 0:1, TECH_STIRRUPS
81, 24, 265, 0, 120, 0:0, 0:1, TECH_STIRRUPS
81, 25, 145, 0, 115, 0:0, 0:1, TECH_STIRRUPS
82, 0, 65, 107, 175, 3:0, 2:2, TECH_STIRRUPS
82, 1, 135, 0, 145, 0:0, 1:3, TECH_STIRRUPS
82, 2, 140, 0, 100, 2:0, 1:3, TECH_STIRRUPS
82, 3, 106, 0, 50, 0:0, 1:3, NO_TECH
82, 4, 80, 81, 90, 1:0, 1:3, TECH_STIRRUPS
82, 5, 175, 65, 215, 1:0, 1:3, TECH_HORSEBACK_RIDING
82, 6, 90, 10, 20, 0:0, 2:1, TECH_STIRRUPS
82, 7, 94, 106, 20, 2:0, 2:1, TECH_STIRRUPS
82, 8, 230, 0, 117, 0:0, 0:1, NO_TECH
82, 9, 120, 0, 100, 0:0, 0:1, TECH_STIRRUPS
82, 10, 140, 0, 70, 0:0, 0:1, TECH_STIRRUPS
82, 11, 135, 0, 40, 0:0, 0:1, NO_TECH
82, 12, 198, 0, 130, 0:0, 0:1, TECH_STIRRUPS
82, 13, 140, 0, 140, 0:0, 0:1, TECH_IRON_WORKING
82, 14, 210, 0, 0, 0:0, 0:1, NO_TECH
82, 15, 95, 0, 125, 0:0, 0:1, TECH_STIRRUPS
82, 16, 225, 0, 0, 0:0, 0:1, TECH_STIRRUPS
82, 18, 145, 0, 25, 0:0, 0:1, TECH_STIRRUPS
82, 19, 153, 0, 145, 0:0, 0:1, NO_TECH
82, 20, 140, 0, 95, 0:0, 0:1, TECH_STIRRUPS
82, 21, 130, 0, 65, 0:0, 0:1, TECH_STIRRUPS
82, 22, 175, 97, 60, 0:0, 0:1, TECH_STIRRUPS
82, 23, 215, 0, 80, 0:0, 0:1, TECH_STIRRUPS
82, 24, 290, 0, 145, 0:0, 0:1, TECH_STIRRUPS
82, 25, 145, 0, 115, 0:0, 0:1, TECH_STIRRUPS
83, 0, 65, 107, 175, 3:0, 2:2, TECH_STIRRUPS
83, 1, 155, 0, 145, 1:0, 1:3, TECH_STIRRUPS
83, 2, 120, 0, 125, 2:0, 1:3, TECH_STIRRUPS
83, 3, 106, 0, 50, 1:0, 1:3, NO_TECH
83, 4, 70, 81, 65, 1:0, 1:3, TECH_STIRRUPS
83, 5, 175, 65, 215, 1:0, 1:3, TECH_HORSEBACK_RIDING
83, 6, 90, 10, 20, 0:0, 2:1, TECH_STIRRUPS
83, 7, 94, 106, 40, 2:0, 2:1, TECH_STIRRUPS
83, 8, 230, 0, 117, 0:0, 0:1, NO_TECH
83, 9, 120, 0, 125, 0:0, 0:1, TECH_STIRRUPS
83, 10, 140, 0, 45, 0:0, 0:1, TECH_STIRRUPS
83, 11, 85, 0, 40, 0:0, 0:1, NO_TECH
83, 12, 223, 0, 85, 0:0, 0:1, TECH_STIRRUPS
83, 13, 140, 0, 95, 0:0, 0:1, TECH_IRON_WORKING
83, 14, 210, 0, 0, 0:0, 0:1, NO_TECH
83, 15, 95, 0, 125, 0:0, 0:1, TECH_STIRRUPS
83, 16, 225, 0, 0, 0:0, 0:1, TECH_STIRRUPS
83, 18, 120, 0, 25, 0:0, 0:1, TECH_STIRRUPS
83, 19, 153, 0, 145, 0:0, 0:1, NO_TECH
83, 20, 140, 0, 70, 0:0, 0:1, TECH_STIRRUPS
83, 21, 130, 0, 90, 0:0, 0:1, TECH_STIRRUPS
83, 22, 175, 97, 60, 0:0, 0:1, TECH_STIRRUPS
83, 23, 215, 0, 80, 0:0, 0:1, TECH_STIRRUPS
83, 24, 290, 0, 145, 0:0, 0:1, TECH_STIRRUPS
83, 25, 145, 0, 115, 0:0, 0:1, TECH_STIRRUPS
84, 0, 65, 82, 150, 3:0, 2:2, TECH_STIRRUPS
84, 1, 175, 0, 145, 1:0, 1:3, TECH_STIRRUPS
84, 2, 120, 0, 125, 2:0, 1:3, TECH_STIRRUPS
84, 3, 106, 0, 25, 0:0, 1:3, NO_TECH
84, 4, 70, 81, 85, 1:0, 1:3, TECH_STIRRUPS
84, 5, 175, 65, 265, 1:0, 1:3, TECH_HORSEBACK_RIDING
84, 6, 95, 20, 95, 3:0, 2:1, TECH_STIRRUPS
84, 7, 94, 50, 20, 2:0, 2:1, TECH_STIRRUPS
84, 8, 230, 0, 117, 0:0, 0:1, NO_TECH
84, 9, 120, 0, 125, 0:0, 0:1, TECH_STIRRUPS
84, 10, 165, 0, 70, 0:0, 0:1, TECH_STIRRUPS
84, 11, 135, 0, 40, 0:0, 0:1, NO_TECH
84, 12, 223, 25, 110, 0:0, 0:1, TECH_STIRRUPS
84, 13, 140, 0, 95, 0:0, 0:1, TECH_STIRRUPS
84, 14, 210, 0, 0, 0:0, 0:1, NO_TECH
84, 15, 95, 25, 125, 0:0, 0:1, TECH_STIRRUPS
84, 16, 225, 0, 0, 0:0, 0:1, TECH_STIRRUPS
84, 18, 145, 0, 25, 0:0, 0:1, TECH_STIRRUPS
84, 19, 153, 0, 145, 0:0, 0:1, NO_TECH
84, 20, 140, 0, 70, 0:0, 0:1, TECH_STIRRUPS
84, 21, 130, 0, 90, 0:0, 0:1, TECH_STIRRUPS
84, 22, 150, 72, 60, 0:0, 0:1, TECH_STIRRUPS
84, 23, 215, 0, 80, 0:0, 0:1, TECH_STIRRUPS
84, 24, 290, 0, 145, 0:0, 0:1, TECH_STIRRUPS
84, 25, 170, 0, 95, 0:0, 0:1, TECH_STIRRUPS
85, 0, 65, 82, 130, 3:0, 2:2, TECH_STIRRUPS
85, 1, 135, 0, 145, 0:0, 1:3, TECH_STIRRUPS
85, 2, 120, 0, 125, 1:0, 1:3, TECH_STIRRUPS
85, 3, 106, 0, 25, 0:0, 1:3, NO_TECH
85, 4, 70, 45, 85, 1:0, 1:3, TECH_STIRRUPS
85, 5, 175, 55, 240, 1:0, 1:3, TECH_HORSEBACK_RIDING
85, 6, 120, 20, 95, 2:0, 2:1, TECH_STIRRUPS
85, 7, 94, 50, 20, 2:0, 2:1, TECH_STIRRUPS
85, 8, 230, 0, 81, 0:0, 0:1, NO_TECH
85, 9, 120, 0, 170, 0:0, 0:1, TECH_STIRRUPS
85, 10, 165, 0, 75, 0:0, 0:1, TECH_STIRRUPS
85, 11, 135, 0, 35, 0:0, 0:1, NO_TECH
85, 12, 223, 25, 110, 0:0, 0:1, TECH_STIRRUPS
85, 13, 140, 0, 95, 0:0, 0:1, TECH_STIRRUPS
85, 14, 210, 0, 0, 0:0, 0:1, NO_TECH
85, 15, 95, 25, 125, 0:0, 0:1, TECH_STIRRUPS
85, 16, 200, 0, 0, 0:0, 0:1, TECH_STIRRUPS
85, 18, 145, 0, 0, 0:0, 0:1, TECH_STIRRUPS
85, 19, 153, 0, 120, 0:0, 0:1, NO_TECH
85, 20, 140, 0, 70, 0:0, 0:1, TECH_STIRRUPS
85, 21, 130, 0, 115, 0:0, 0:1, TECH_STIRRUPS
85, 22, 130, 72, 28, 0:0, 0:1, TECH_STIRRUPS
85, 23, 215, 0, 80, 0:0, 0:1, TECH_STIRRUPS
85, 24, 290, 0, 145, 0:0, 0:1, TECH_STIRRUPS
85, 25, 170, 0, 95, 0:0, 0:1, TECH_STIRRUPS
86, 0, 65, 82, 130, 3:0, 2:2, TECH_STIRRUPS
86, 1, 155, 0, 145, 1:0, 1:3, TECH_STIRRUPS
86, 2, 110, 0, 135, 1:0, 1:3, TECH_STIRRUPS
86, 3, 106, 0, 50, 0:0, 1:3, NO_TECH
86, 4, 70, 45, 65, 1:0, 1:3, TECH_STIRRUPS
86, 5, 175, 55, 240, 1:0, 1:3, TECH_HORSEBACK_RIDING
86, 6, 120, 30, 95, 2:0, 2:1, TECH_STIRRUPS
86, 7, 94, 50, 20, 2:0, 2:1, TECH_STIRRUPS
86, 8, 255, 0, 117, 0:0, 0:1, NO_TECH
86, 9, 120, 0, 145, 0:0, 0:1, TECH_STIRRUPS
86, 10, 165, 0, 95, 0:0, 0:1, TECH_STIRRUPS
86, 11, 135, 0, 90, 0:0, 0:1, NO_TECH
86, 12, 223, 25, 110, 0:0, 0:1, TECH_STIRRUPS
86, 13, 120, 0, 95, 0:0, 0:1, TECH_STIRRUPS
86, 14, 210, 0, 0, 0:0, 0:1, NO_TECH
86, 15, 95, 25, 100, 0:0, 0:1, TECH_STIRRUPS
86, 16, 225, 0, 0, 0:0, 0:1, TECH_STIRRUPS
86, 18, 145, 0, 25, 0:0, 0:1, TECH_STIRRUPS
86, 19, 153, 0, 95, 0:0, 0:1, NO_TECH
86, 20, 140, 0, 70, 0:0, 0:1, TECH_STIRRUPS
86, 21, 130, 0, 90, 0:0, 0:1, TECH_STIRRUPS
86, 22, 130, 72, 56, 0:0, 0:1, TECH_STIRRUPS
86, 23, 215, 0, 80, 0:0, 0:1, TECH_STIRRUPS
86, 24, 290, 0, 145, 0:0, 0:1, TECH_STIRRUPS
86, 25, 170, 0, 95, 0:0, 0:1, TECH_STIRRUPS
87, 0, 65, 46, 130, 3:0, 2:2, TECH_STIRRUPS
87, 1, 155, 0, 170, 1:0, 1:3, NO_TECH
87, 2, 110, 0, 135, 1:0, 1:3, TECH_STIRRUPS
87, 3, 106, 0, 50, 0:0, 1:3, NO_TECH
87, 4, 70, 45, 65, 1:0, 1:3, TECH_STIRRUPS
87, 5, 175, 55, 215, 1:0, 1:3, TECH_HORSEBACK_RIDING
87, 6, 120, 10, 70, 1:0, 2:1, TECH_STIRRUPS
87, 7, 94, 30, 20, 1:0, 2:1, TECH_STIRRUPS
87, 8, 255, 0, 106, 0:0, 0:1, NO_TECH
87, 9, 120, 0, 145, 0:0, 0:1, TECH_STIRRUPS
87, 10, 190, 0, 120, 0:0, 0:1, TECH_STIRRUPS
87, 11, 135, 0, 90, 0:0, 0:1, NO_TECH
87, 12, 223, 0, 95, 0:0, 0:1, TECH_STIRRUPS
87, 13, 120, 0, 95, 0:0, 0:1, TECH_STIRRUPS
87, 14, 235, 0, 0, 0:0, 0:1, NO_TECH
87, 15, 120, 25, 100, 0:0, 0:1, TECH_STIRRUPS
87, 16, 225, 0, 0, 0:0, 0:1, TECH_STIRRUPS
87, 18, 145, 0, 25, 0:0, 0:1, TECH_STIRRUPS
87, 19, 153, 0, 95, 0:0, 0:1, NO_TECH
87, 20, 140, 0, 50, 0:0, 0:1, TECH_STIRRUPS
87, 21, 105, 0, 90, 0:0, 0:1, TECH_STIRRUPS
87, 22, 130, 36, 56, 0:0, 0:1, TECH_STIRRUPS
87, 23, 240, 0, 80, 0:0, 0:1, TECH_STIRRUPS
87, 24, 290, 0, 145, 0:0, 0:1, TECH_STIRRUPS
87, 25, 170, 0, 90, 0:0, 0:1, NO_TECH
88, 0, 65, 46, 130, 3:0, 2:2, TECH_STIRRUPS
88, 1, 155, 0, 210, 0:0, 1:3, NO_TECH
88, 2, 110, 0, 135, 1:0, 1:3, TECH_STIRRUPS
88, 3, 106, 0, 50, 0:0, 1:3, NO_TECH
88, 4, 70, 45, 45, 1:0, 1:3, TECH_STIRRUPS
88, 5, 155, 55, 215, 1:0, 1:3, TECH_HORSEBACK_RIDING
88, 6, 120, 10, 75, 1:0, 2:1, TECH_STIRRUPS
88, 7, 94, 20, 20, 1:0, 2:1, TECH_STIRRUPS
88, 8, 255, 0, 106, 0:0, 0:1, NO_TECH
88, 9, 120, 0, 100, 0:0, 0:1, TECH_STIRRUPS
88, 10, 190, 0, 120, 0:0, 0:1, TECH_STIRRUPS
88, 11, 135, 0, 90, 0:0, 0:1, NO_TECH
88, 12, 223, 0, 75, 0:0, 0:1, TECH_STIRRUPS
88, 13, 120, 10, 70, 0:0, 0:1, TECH_STIRRUPS
88, 14, 235, 0, 0, 0:0, 0:1, NO_TECH
88, 15, 95, 25, 117, 0:0, 0:1, TECH_STIRRUPS
88, 16, 135, 0, 0, 0:0, 0:1, TECH_STIRRUPS
88, 18, 145, 0, 25, 0:0, 0:1, TECH_STIRRUPS
88, 19, 153, 0, 95, 0:0, 0:1, NO_TECH
88, 20, 140, 0, 75, 0:0, 0:1, TECH_STIRRUPS
88, 21, 85, 0, 90, 0:0, 0:1, TECH_STIRRUPS
88, 22, 130, 36, 56, 0:0, 0:1, TECH_STIRRUPS
88, 23, 240, 0, 80, 0:0, 0:1, TECH_STIRRUPS
88, 24, 315, 0, 145, 0:0, 0:1, TECH_STIRRUPS
88, 25, 170, 0, 90, 0:0, 0:1, NO_TECH
89, 0, 65, 46, 110, 3:0, 3:3, TECH_STIRRUPS
89, 1, 155, 0, 235, 0:0, 1:3, NO_TECH
89, 2, 110, 0, 135, 1:0, 1:3, TECH_STIRRUPS
89, 3, 106, 0, 25, 1:0, 1:3, NO_TECH
89, 4, 70, 45, 45, 1:0, 1:3, TECH_STIRRUPS
89, 5, 155, 35, 265, 1:0, 1:3, TECH_HORSEBACK_RIDING
89, 6, 100, 30, 75, 1:0, 2:1, TECH_STIRRUPS
89, 7, 94, 0, 20, 1:0, 2:1, TECH_STIRRUPS
89, 8, 255, 0, 92, 0:0, 0:1, NO_TECH
89, 9, 120, 0, 100, 0:0, 0:1, TECH_STIRRUPS
89, 10, 190, 0, 120, 0:0, 0:1, TECH_STIRRUPS
89, 11, 135, 0, 65, 0:0, 0:1, NO_TECH
89, 12, 223, 0, 95, 0:0, 0:1, TECH_STIRRUPS
89, 13, 120, 10, 115, 0:0, 0:1, TECH_STIRRUPS
89, 14, 230, 0, 0, 0:0, 0:1, NO_TECH
89, 15, 120, 0, 122, 0:0, 0:1, TECH_STIRRUPS
89, 16, 115, 0, 0, 0:0, 0:1, TECH_STIRRUPS
89, 18, 145, 0, 25, 0:0, 0:1, TECH_STIRRUPS
89, 19, 153, 0, 95, 0:0, 0:1, NO_TECH
89, 20, 140, 0, 75, 0:0, 0:1, TECH_STIRRUPS
89, 21, 110, 0, 165, 0:0, 0:1, TECH_STIRRUPS
89, 22, 110, 36, 56, 0:0, 0:1, TECH_STIRRUPS
89, 23, 240, 0, 60, 0:0, 0:1, TECH_STIRRUPS
89, 24, 315, 0, 145, 0:0, 0:1, TECH_STIRRUPS
89, 25, 170, 0, 115, 0:0, 0:1, NO_TECH
90, 0, 65, 36, 28, 3:0, 3:3, TECH_STIRRUPS
90, 1, 155, 0, 235, 0:0, 1:3, NO_TECH
90, 2, 135, 0, 135, 1:0, 1:3, TECH_STIRRUPS
90, 3, 106, 0, 75, 1:0, 1:3, NO_TECH
90, 4, 70, 45, 85, 1:0, 1:3, TECH_STIRRUPS
90, 5, 145, 35, 290, 1:0, 1:3, TECH_HORSEBACK_RIDING
90, 6, 100, 20, 100, 1:0, 2:1, TECH_STIRRUPS
90, 7, 94, 0, 20, 1:0, 2:1, TECH_STIRRUPS
90, 8, 255, 0, 70, 0:0, 0:1, NO_TECH
90, 9, 100, 0, 100, 0:0, 0:1, TECH_STIRRUPS
90, 10, 215, 0, 115, 0:0, 0:1, NO_TECH
90, 11, 135, 0, 110, 0:0, 0:1, NO_TECH
90, 12, 223, 0, 70, 0:0, 0:1, TECH_STIRRUPS
90, 13, 120, 10, 115, 0:0, 0:1, TECH_STIRRUPS
90, 14, 210, 0, 0, 0:0, 0:1, NO_TECH
90, 15, 120, 0, 122, 0:0, 0:1, TECH_STIRRUPS
90, 16, 120, 0, 0, 0:0, 0:1, TECH_STIRRUPS
90, 18, 145, 0, 20, 0:0, 0:1, TECH_STIRRUPS
90, 19, 153, 0, 120, 0:0, 0:1, NO_TECH
90, 20, 140, 0, 75, 0:0, 0:1, TECH_STIRRUPS
90, 21, 85, 0, 115, 0:0, 0:1, TECH_STIRRUPS
90, 22, 85, 36, 56, 0:0, 0:1, TECH_STIRRUPS
90, 23, 220, 0, 60, 0:0, 0:1, TECH_STIRRUPS
90, 24, 315, 0, 125, 0:0, 0:1, TECH_STIRRUPS
90, 25, 170, 0, 135, 0:0, 0:1, NO_TECH
91, 0, 105, 0, 28, 3:0, 3:3, TECH_STIRRUPS
91, 1, 135, 0, 210, 0:0, 1:3, NO_TECH
91, 2, 135, 0, 135, 1:0, 1:3, TECH_STIRRUPS
91, 3, 106, 0, 25, 1:0, 1:3, NO_TECH
91, 4, 70, 45, 85, 1:0, 1:3, TECH_STIRRUPS
91, 5, 155, 35, 265, 1:0, 1:3, TECH_HORSEBACK_RIDING
91, 6, 120, 20, 75, 1:0, 2:1, TECH_STIRRUPS
91, 7, 94, 0, 20, 1:0, 2:1, TECH_STIRRUPS
91, 8, 255, 0, 95, 0:0, 0:1, NO_TECH
91, 9, 100, 0, 100, 0:0, 0:1, TECH_STIRRUPS
91, 10, 215, 0, 135, 0:0, 0:1, NO_TECH
91, 11, 135, 0, 110, 0:0, 0:1, NO_TECH
91, 12, 223, 0, 70, 0:0, 0:1, TECH_STIRRUPS
91, 13, 120, 10, 95, 0:0, 0:1, TECH_STIRRUPS
91, 14, 210, 0, 0, 0:0, 0:1, NO_TECH
91, 15, 120, 0, 122, 0:0, 0:1, TECH_STIRRUPS
91, 16, 90, 0, 0, 0:0, 0:1, TECH_STIRRUPS
91, 18, 145, 0, 20, 0:0, 0:1, TECH_STIRRUPS
91, 19, 153, 0, 165, 0:0, 0:1, NO_TECH
91, 20, 140, 0, 75, 0:0, 0:1, TECH_STIRRUPS
91, 21, 85, 0, 115, 0:0, 0:1, TECH_STIRRUPS
91, 22, 85, 0, 28, 0:0, 0:1, TECH_STIRRUPS
91, 23, 240, 0, 60, 0:0, 0:1, TECH_STIRRUPS
91, 24, 315, 0, 125, 0:0, 0:1, TECH_STIRRUPS
91, 25, 170, 0, 153, 0:0, 0:1, NO_TECH
92, 0, 105, 0, 28, 3:0, 3:3, TECH_STIRRUPS