Game Turn, Player, Num Cities, Population, Techs, Civics, Land Units, corps, Armies, Naval Units, TILES: Owned, Improved, BALANCE: Gold, Faith, YIELDS: Science, Culture, Gold, Faith, Production, Food, BY TYPE: Tiles, Buildings, Districts, Population, Outg
60, CIVILIZATION_CHINA, 2, 8, 8, 4, 6, 0, 0, 0, 21, 2, 85, 28, 13, 4, 16, 2, 19, 25, 21, 10, 2, 7, 0, 0
60, CIVILIZATION_JAPAN, 3, 10, 9, 5, 7, 0, 0, 0, 30, 6, 222, 186, 12, 7, 21, 3, 23, 33, 30, 12, 1, 9, 0, 2
60, CIVILIZATION_AMERICA, 2, 6, 8, 5, 5, 0, 0, 0, 22, 8, 216, 25, 9, 9, 9, 2, 22, 16, 22, 14, 1, 5, 0, 0
60, CIVILIZATION_SPAIN, 2, 5, 7, 4, 5, 0, 0, 1, 19, 2, 260, 103, 6, 2, 12, 2, 18, 14, 19, 10, 1, 4, 0, 0
60, CIVILIZATION_EGYPT, 3, 7, 6, 8, 8, 0, 0, 1, 29, 3, 72, 327, 7, 7, 12, 8, 16, 20, 29, 12, 1, 6, 0, 0
60, CIVILIZATION_KONGO, 2, 5, 8, 6, 4, 0, 0, 0, 20, 2, 150, 53, 10, 7, 6, 2, 17, 15, 20, 14, 1, 4, 0, 0
60, CIVILIZATION_AZTEC, 2, 4, 8, 3, 3, 0, 0, 0, 18, 0, 235, 3, 5, 2, 11, 1, 13, 10, 18, 10, 1, 3, 0, 0
60, CIVILIZATION_JAKARTA, 1, 4, 7, 5, 8, 0, 0, 0, 8, 1, 194, 14, 6, 4, 8, 1, 6, 10, 8, 13, 0, 3, 5, 0
60, CIVILIZATION_HATTUSA, 1, 4, 7, 5, 6, 0, 0, 0, 7, 4, 337, 0, 7, 4, 5, 0, 6, 10, 7, 15, 1, 3, 0, 0
60, CIVILIZATION_ZANZIBAR, 1, 3, 8, 5, 5, 0, 0, 0, 8, 5, 167, 0, 5, 4, 10, 0, 6, 7, 8, 12, 1, 2, 4, 0
60, CIVILIZATION_JERUSALEM, 1, 5, 8, 5, 5, 0, 0, 0, 7, 0, 188, 0, 5, 4, 4, 0, 3, 13, 7, 12, 0, 5, 0, 0
60, CIVILIZATION_VALLETTA, 1, 6, 10, 5, 3, 0, 0, 0, 8, 5, 75, 1, 5, 4, 7, 0, 4, 20, 8, 13, 0, 5, 4, 0
60, CIVILIZATION_PRESLAV, 1, 7, 9, 4, 5, 0, 0, 0, 7, 5, 138, 0, 6, 2, 5, 0, 1, 22, 7, 11, 0, 7, 0, 0
60, CIVILIZATION_LISBON, 1, 4, 7, 5, 6, 0, 0, 0, 7, 4, 200, 0, 4, 4, 5, 0, 5, 11, 7, 13, 0, 3, 0, 0
60, CIVILIZATION_CARTHAGE, 1, 6, 8, 4, 3, 0, 0, 0, 7, 3, 263, 0, 5, 4, 4, 0, 2, 15, 7, 13, 0, 5, 0, 0
60, CIVILIZATION_KABUL, 1, 4, 8, 5, 5, 0, 0, 0, 7, 3, 314, 0, 4, 4, 5, 0, 4, 10, 7, 13, 0, 3, 0, 0
60, CIVILIZATION_MOHENJO_DARO, 1, 7, 8, 6, 4, 0, 0, 0, 7, 3, 36, 0, 6, 2, 7, 0, 2, 17, 7, 11, 0, 7, 0, 0
60, CIVILIZATION_AMSTERDAM, 1, 7, 7, 5, 5, 0, 0, 0, 7, 2, 293, 0, 6, 4, 5, 0, 3, 20, 7, 13, 0, 7, 0, 0
60, CIVILIZATION_PALENQUE, 1, 6, 10, 5, 3, 0, 0, 0, 8, 5, 117, 0, 7, 4, 5, 0, 4, 17, 8, 13, 1, 6, 0, 0
60, CIVILIZATION_STOCKHOLM, 1, 6, 8, 5, 6, 0, 0, 0, 7, 3, 130, 0, 6, 4, 8, 0, 5, 12, 7, 13, 1, 6, 4, 0
60, CIVILIZATION_ARMAGH, 1, 3, 6, 5, 6, 0, 0, 0, 8, 5, 314, 101, 4, 3, 5, 3, 6, 8, 8, 15, 1, 2, 0, 0
60, CIVILIZATION_KANDY, 1, 3, 8, 5, 7, 0, 0, 0, 8, 3, 246, 33, 4, 4, 13, 1, 3, 7, 8, 12, 1, 2, 0, 0
60, CIVILIZATION_KUMASI, 1, 2, 7, 5, 4, 0, 0, 0, 7, 3, 308, 0, 3, 3, 5, 0, 4, 4, 7, 13, 0, 1, 0, 0
60, CIVILIZATION_GRANADA, 1, 5, 9, 5, 4, 0, 0, 0, 7, 6, 78, 7, 5, 4, 7, 1, 5, 13, 7, 13, 0, 5, 5, 0
60, CIVILIZATION_BRUSSELS, 1, 5, 6, 6, 3, 0, 0, 0, 7, 3, 88, 0, 5, 5, 13, 0, 4, 13, 7, 13, 0, 5, 8, 0
61, CIVILIZATION_ROME, 1, 7, 8, 7, 2, 0, 0, 0, 14, 8, 317, 34, 7, 7, 36, 4, 11, 20, 14, 13, 1, 6, 5, 0
61, CIVILIZATION_CHINA, 2, 8, 8, 5, 6, 0, 0, 0, 21, 2, 98, 30, 13, 4, 16, 2, 19, 25, 21, 10, 2, 7, 0, 0
61, CIVILIZATION_JAPAN, 3, 11, 10, 5, 7, 0, 0, 0, 31, 6, 240, 192, 12, 8, 20, 6, 24, 35, 31, 12, 2, 10, 0, 2
61, CIVILIZATION_AMERICA, 2, 6, 8, 5, 4, 0, 0, 0, 23, 8, 223, 28, 9, 9, 9, 2, 22, 16, 23, 14, 1, 5, 0, 0
61, CIVILIZATION_SPAIN, 2, 5, 7, 4, 5, 0, 0, 1, 19, 3, 267, 105, 6, 2, 15, 2, 18, 14, 19, 10, 1, 4, 0, 0
61, CIVILIZATION_EGYPT, 3, 7, 7, 8, 8, 0, 0, 1, 29, 3, 82, 335, 7, 7, 12, 8, 17, 21, 29, 12, 1, 6, 2, 0
61, CIVILIZATION_KONGO, 2, 5, 8, 6, 4, 0, 0, 0, 20, 2, 154, 55, 10, 7, 6, 2, 17, 15, 20, 14, 1, 4, 0, 0
61, CIVILIZATION_AZTEC, 2, 4, 8, 3, 3, 0, 0, 0, 18, 0, 8, 4, 5, 2, 10, 1, 16, 9, 18, 10, 1, 3, 0, 0
61, CIVILIZATION_JAKARTA, 1, 4, 7, 5, 9, 0, 0, 0, 8, 1, 202, 15, 6, 4, 8, 1, 6, 10, 8, 13, 0, 3, 5, 0
61, CIVILIZATION_HATTUSA, 1, 4, 7, 5, 6, 0, 0, 0, 7, 4, 340, 0, 7, 4, 5, 0, 6, 10, 7, 15, 1, 3, 0, 0
61, CIVILIZATION_ZANZIBAR, 1, 3, 8, 5, 5, 0, 0, 0, 8, 5, 177, 0, 5, 4, 10, 0, 6, 7, 8, 12, 1, 2, 4, 0
61, CIVILIZATION_JERUSALEM, 1, 5, 8, 5, 6, 0, 0, 0, 7, 0, 193, 0, 5, 4, 4, 0, 4, 12, 7, 12, 0, 5, 0, 0
61, CIVILIZATION_VALLETTA, 1, 6, 10, 5, 3, 0, 0, 0, 8, 5, 83, 2, 5, 4, 7, 0, 4, 20, 8, 13, 0, 5, 4, 0
61, CIVILIZATION_PRESLAV, 1, 7, 9, 4, 5, 0, 0, 0, 7, 5, 141, 0, 6, 2, 5, 0, 1, 22, 7, 11, 0, 7, 0, 0
61, CIVILIZATION_LISBON, 1, 4, 7, 5, 6, 0, 0, 0, 7, 4, 205, 0, 4, 4, 5, 0, 5, 11, 7, 13, 0, 3, 0, 0
61, CIVILIZATION_CARTHAGE, 1, 6, 8, 4, 3, 0, 0, 0, 7, 3, 266, 0, 5, 4, 4, 0, 2, 15, 7, 13, 0, 5, 0, 0
61, CIVILIZATION_KABUL, 1, 4, 8, 5, 6, 0, 0, 0, 7, 3, 318, 0, 4, 4, 5, 0, 4, 10, 7, 13, 0, 3, 0, 0
61, CIVILIZATION_MOHENJO_DARO, 1, 7, 8, 6, 4, 0, 0, 0, 7, 3, 43, 0, 6, 2, 7, 0, 2, 17, 7, 11, 0, 7, 0, 0
61, CIVILIZATION_AMSTERDAM, 1, 7, 7, 5, 5, 0, 0, 0, 7, 2, 299, 0, 6, 4, 5, 0, 3, 20, 7, 13, 0, 7, 0, 0
61, CIVILIZATION_PALENQUE, 1, 6, 10, 5, 3, 0, 0, 0, 8, 5, 120, 0, 7, 4, 5, 0, 4, 17, 8, 13, 1, 6, 0, 0
61, CIVILIZATION_STOCKHOLM, 1, 6, 8, 5, 6, 0, 0, 0, 7, 4, 138, 0, 6, 4, 8, 0, 5, 12, 7, 13, 1, 6, 4, 0
61, CIVILIZATION_ARMAGH, 1, 3, 6, 5, 6, 0, 0, 0, 8, 5, 317, 105, 4, 3, 5, 3, 6, 8, 8, 15, 1, 2, 0, 0
61, CIVILIZATION_KANDY, 1, 3, 8, 5, 7, 0, 0, 0, 8, 3, 257, 34, 4, 4, 13, 1, 3, 7, 8, 12, 1, 2, 0, 0
61, CIVILIZATION_KUMASI, 1, 2, 8, 5, 4, 0, 0, 0, 7, 3, 312, 0, 3, 3, 5, 0, 4, 4, 7, 13, 0, 1, 0, 0
61, CIVILIZATION_GRANADA, 1, 5, 9, 5, 5, 0, 0, 0, 7, 6, 86, 9, 5, 4, 7, 1, 5, 13, 7, 13, 0, 5, 5, 0
61, CIVILIZATION_BRUSSELS, 1, 5, 7, 6, 3, 0, 0, 0, 7, 3, 101, 0, 5, 5, 13, 0, 4, 13, 7, 13, 0, 5, 8, 0
62, CIVILIZATION_ROME, 1, 7, 8, 7, 2, 0, 0, 0, 14, 8, 352, 38, 7, 7, 36, 4, 11, 20, 14, 13, 1, 6, 5, 0
62, CIVILIZATION_CHINA, 2, 8, 9, 5, 6, 0, 0, 1, 21, 3, 114, 32, 14, 4, 17, 2, 21, 25, 21, 10, 2, 7, 0, 0
62, CIVILIZATION_JAPAN, 3, 11, 10, 5, 7, 0, 0, 0, 31, 6, 256, 201, 12, 8, 20, 8, 31, 35, 31, 14, 2, 10, 0, 2
62, CIVILIZATION_AMERICA, 2, 6, 9, 6, 4, 0, 0, 0, 23, 8, 230, 31, 9, 9, 10, 3, 19, 16, 23, 14, 1, 5, 0, 0
62, CIVILIZATION_SPAIN, 2, 5, 7, 4, 5, 0, 0, 1, 20, 3, 273, 110, 6, 2, 15, 4, 18, 14, 20, 12, 1, 4, 0, 0
62, CIVILIZATION_EGYPT, 3, 7, 7, 8, 8, 0, 0, 1, 29, 3, 94, 346, 7, 7, 14, 10, 20, 21, 29, 14, 1, 6, 2, 0
62, CIVILIZATION_KONGO, 2, 5, 8, 6, 4, 0, 0, 0, 20, 2, 158, 57, 10, 7, 6, 2, 17, 15, 20, 14, 1, 4, 0, 0
62, CIVILIZATION_AZTEC, 2, 4, 8, 3, 3, 0, 0, 0, 18, 0, 12, 5, 5, 2, 11, 1, 13, 10, 18, 10, 1, 3, 0, 0
62, CIVILIZATION_JAKARTA, 1, 4, 7, 5, 9, 0, 0, 0, 8, 1, 210, 16, 6, 4, 8, 1, 6, 10, 8, 13, 0, 3, 5, 0
62, CIVILIZATION_HATTUSA, 1, 4, 7, 5, 6, 0, 0, 0, 7, 4, 343, 0, 7, 4, 5, 0, 6, 10, 7, 15, 1, 3, 0, 0
62, CIVILIZATION_ZANZIBAR, 1, 3, 8, 5, 5, 0, 0, 0, 8, 5, 188, 0, 5, 4, 10, 0, 6, 7, 8, 12, 1, 2, 4, 0
62, CIVILIZATION_JERUSALEM, 1, 5, 8, 5, 6, 0, 0, 0, 7, 0, 198, 0, 5, 4, 4, 0, 4, 12, 7, 12, 0, 5, 0, 0
62, CIVILIZATION_VALLETTA, 1, 6, 10, 5, 4, 0, 0, 0, 8, 5, 89, 3, 5, 4, 7, 0, 4, 20, 8, 13, 0, 5, 4, 0
62, CIVILIZATION_PRESLAV, 1, 7, 9, 4, 5, 0, 0, 0, 7, 5, 145, 0, 6, 2, 5, 0, 1, 22, 7, 11, 0, 7, 0, 0
62, CIVILIZATION_LISBON, 1, 4, 7, 5, 7, 0, 0, 0, 7, 4, 210, 0, 4, 4, 5, 0, 5, 11, 7, 13, 0, 3, 0, 0
62, CIVILIZATION_CARTHAGE, 1, 6, 8, 4, 4, 0, 0, 0, 7, 3, 269, 0, 5, 4, 4, 0, 2, 15, 7, 13, 0, 5, 0, 0
62, CIVILIZATION_KABUL, 1, 4, 8, 5, 6, 0, 0, 0, 7, 3, 322, 0, 4, 4, 5, 0, 4, 10, 7, 13, 0, 3, 0, 0
62, CIVILIZATION_MOHENJO_DARO, 1, 7, 8, 6, 4, 0, 0, 0, 7, 3, 53, 0, 6, 2, 9, 0, 2, 19, 7, 11, 0, 7, 5, 0
62, CIVILIZATION_AMSTERDAM, 1, 7, 7, 5, 4, 0, 0, 0, 7, 2, 304, 0, 6, 4, 5, 0, 3, 18, 7, 13, 0, 7, 0, 0
62, CIVILIZATION_PALENQUE, 1, 7, 10, 5, 3, 0, 0, 0, 8, 5, 124, 0, 8, 4, 5, 0, 4, 17, 8, 13, 1, 7, 0, 0
62, CIVILIZATION_STOCKHOLM, 1, 6, 8, 5, 6, 0, 0, 0, 7, 4, 145, 0, 6, 4, 8, 0, 5, 12, 7, 13, 1, 6, 4, 0
62, CIVILIZATION_ARMAGH, 1, 3, 6, 5, 6, 0, 0, 0, 8, 5, 90, 109, 4, 3, 5, 3, 6, 8, 8, 15, 1, 2, 0, 0
62, CIVILIZATION_KANDY, 1, 3, 8, 5, 7, 0, 0, 0, 8, 3, 267, 35, 4, 4, 13, 1, 3, 7, 8, 12, 1, 2, 0, 0
62, CIVILIZATION_KUMASI, 1, 2, 9, 5, 5, 0, 0, 0, 7, 3, 314, 0, 3, 3, 5, 0, 4, 4, 7, 13, 0, 1, 0, 0
62, CIVILIZATION_GRANADA, 1, 5, 9, 5, 5, 0, 0, 0, 7, 6, 93, 11, 5, 4, 7, 1, 5, 13, 7, 13, 0, 5, 5, 0
62, CIVILIZATION_BRUSSELS, 1, 5, 8, 6, 4, 0, 0, 0, 7, 3, 114, 0, 5, 5, 13, 0, 4, 13, 7, 13, 0, 5, 8, 0
63, CIVILIZATION_ROME, 1, 7, 8, 7, 2, 0, 0, 0, 14, 8, 387, 43, 7, 7, 36, 4, 11, 20, 14, 13, 1, 6, 5, 0
63, CIVILIZATION_CHINA, 2, 8, 9, 5, 6, 0, 0, 1, 21, 3, 129, 34, 14, 4, 17, 2, 21, 25, 21, 10, 2, 7, 0, 0
63, CIVILIZATION_JAPAN, 3, 11, 10, 6, 7, 0, 0, 0, 31, 6, 273, 210, 12, 8, 20, 8, 31, 35, 31, 14, 2, 10, 0, 2
63, CIVILIZATION_AMERICA, 2, 6, 9, 6, 3, 0, 0, 0, 23, 8, 238, 35, 9, 9, 10, 3, 19, 16, 23, 14, 1, 5, 0, 0
63, CIVILIZATION_SPAIN, 2, 5, 8, 4, 5, 0, 0, 1, 20, 3, 279, 114, 6, 2, 15, 4, 18, 14, 20, 12, 1, 4, 0, 0
63, CIVILIZATION_EGYPT, 3, 8, 7, 8, 8, 0, 0, 1, 29, 3, 105, 357, 8, 7, 14, 10, 21, 23, 29, 14, 1, 7, 2, 0
63, CIVILIZATION_KONGO, 2, 5, 8, 6, 4, 0, 0, 0, 20, 2, 162, 59, 10, 7, 6, 2, 17, 15, 20, 14, 1, 4, 0, 0
63, CIVILIZATION_AZTEC, 2, 4, 8, 3, 3, 0, 0, 0, 19, 0, 15, 6, 5, 2, 10, 1, 16, 9, 19, 10, 1, 3, 0, 0
63, CIVILIZATION_JAKARTA, 1, 4, 7, 5, 9, 0, 0, 0, 8, 1, 218, 17, 6, 4, 8, 1, 6, 10, 8, 13, 0, 3, 5, 0
63, CIVILIZATION_HATTUSA, 1, 4, 7, 5, 6, 0, 0, 0, 7, 4, 346, 0, 7, 4, 5, 0, 6, 10, 7, 15, 1, 3, 0, 0
63, CIVILIZATION_ZANZIBAR, 1, 3, 8, 5, 5, 0, 0, 0, 8, 5, 198, 0, 5, 4, 10, 0, 6, 7, 8, 12, 1, 2, 4, 0
63, CIVILIZATION_JERUSALEM, 1, 5, 8, 5, 6, 0, 0, 0, 7, 0, 203, 0, 5, 4, 4, 0, 4, 12, 7, 12, 0, 5, 0, 0
63, CIVILIZATION_VALLETTA, 1, 6, 10, 5, 4, 0, 0, 0, 8, 6, 96, 4, 5, 4, 7, 0, 4, 20, 8, 13, 0, 5, 4, 0
63, CIVILIZATION_PRESLAV, 1, 7, 9, 4, 5, 0, 0, 0, 7, 5, 148, 0, 6, 2, 5, 0, 1, 22, 7, 11, 0, 7, 0, 0
63, CIVILIZATION_LISBON, 1, 4, 7, 5, 7, 0, 0, 0, 7, 4, 215, 0, 4, 4, 5, 0, 5, 11, 7, 13, 0, 3, 0, 0
63, CIVILIZATION_CARTHAGE, 1, 6, 8, 4, 4, 0, 0, 0, 7, 3, 272, 0, 5, 4, 4, 0, 2, 15, 7, 13, 0, 5, 0, 0
63, CIVILIZATION_KABUL, 1, 4, 8, 5, 7, 0, 0, 0, 7, 3, 85, 0, 4, 4, 5, 0, 4, 10, 7, 13, 0, 3, 0, 0
63, CIVILIZATION_MOHENJO_DARO, 1, 7, 8, 6, 4, 0, 0, 0, 7, 3, 63, 0, 6, 2, 9, 0, 2, 19, 7, 11, 0, 7, 5, 0
63, CIVILIZATION_AMSTERDAM, 1, 7, 7, 5, 4, 0, 0, 0, 7, 2, 312, 0, 6, 4, 7, 0, 2, 18, 7, 13, 1, 7, 0, 0
63, CIVILIZATION_PALENQUE, 1, 7, 10, 5, 3, 0, 0, 0, 8, 5, 127, 0, 8, 4, 5, 0, 4, 17, 8, 13, 1, 7, 0, 0
63, CIVILIZATION_STOCKHOLM, 1, 6, 8, 5, 6, 0, 0, 0, 7, 4, 152, 0, 6, 4, 8, 0, 5, 12, 7, 13, 1, 6, 4, 0
63, CIVILIZATION_ARMAGH, 1, 4, 6, 5, 6, 0, 0, 0, 8, 5, 95, 113, 4, 4, 7, 3, 6, 10, 8, 15, 1, 3, 0, 0
63, CIVILIZATION_KANDY, 1, 3, 8, 5, 7, 0, 0, 0, 8, 3, 278, 36, 4, 4, 13, 1, 3, 7, 8, 12, 1, 2, 0, 0
63, CIVILIZATION_KUMASI, 1, 2, 9, 5, 5, 0, 0, 0, 7, 3, 316, 0, 3, 3, 5, 0, 4, 4, 7, 13, 0, 1, 0, 0
63, CIVILIZATION_GRANADA, 1, 5, 9, 5, 5, 0, 0, 0, 7, 6, 101, 13, 5, 4, 7, 1, 5, 13, 7, 13, 0, 5, 5, 0
63, CIVILIZATION_BRUSSELS, 1, 5, 8, 6, 3, 0, 0, 0, 7, 3, 127, 0, 5, 5, 13, 0, 4, 13, 7, 13, 0, 5, 8, 0
64, CIVILIZATION_ROME, 1, 6, 8, 7, 2, 0, 0, 0, 14, 8, 102, 47, 6, 7, 36, 4, 10, 17, 14, 13, 1, 5, 5, 0
64, CIVILIZATION_CHINA, 2, 8, 9, 5, 6, 0, 0, 1, 21, 4, 145, 37, 14, 4, 17, 2, 21, 26, 21, 11, 2, 7, 0, 0
64, CIVILIZATION_JAPAN, 3, 12, 10, 6, 7, 0, 0, 0, 31, 7, 289, 219, 13, 8, 20, 8, 32, 37, 31, 14, 2, 11, 0, 3
64, CIVILIZATION_AMERICA, 2, 6, 9, 6, 3, 0, 0, 0, 23, 8, 247, 38, 9, 9, 10, 3, 20, 19, 23, 16, 1, 5, 0, 0
64, CIVILIZATION_SPAIN, 2, 5, 8, 4, 6, 0, 0, 1, 20, 3, 125, 119, 6, 2, 15, 4, 18, 14, 20, 12, 1, 4, 0, 0
64, CIVILIZATION_EGYPT, 3, 8, 7, 8, 8, 0, 0, 1, 29, 3, 116, 368, 8, 7, 14, 10, 21, 23, 29, 14, 1, 7, 2, 0
64, CIVILIZATION_KONGO, 2, 5, 8, 6, 3, 0, 0, 0, 21, 2, 96, 61, 10, 7, 6, 2, 17, 15, 21, 14, 1, 4, 0, 0
64, CIVILIZATION_AZTEC, 2, 4, 8, 3, 3, 0, 0, 0, 19, 0, 69, 7, 5, 2, 11, 1, 13, 10, 19, 10, 1, 3, 0, 0
64, CIVILIZATION_JAKARTA, 1, 5, 7, 5, 10, 0, 0, 0, 8, 1, 226, 17, 7, 4, 7, 0, 5, 12, 8, 13, 0, 5, 5, 0
64, CIVILIZATION_HATTUSA, 1, 4, 7, 5, 6, 0, 0, 0, 7, 4, 349, 0, 7, 4, 5, 0, 6, 10, 7, 15, 1, 3, 0, 0
64, CIVILIZATION_ZANZIBAR, 1, 3, 8, 5, 5, 0, 0, 0, 8, 5, 209, 0, 5, 4, 10, 0, 6, 7, 8, 12, 1, 2, 4, 0
64, CIVILIZATION_JERUSALEM, 1, 5, 8, 5, 6, 0, 0, 0, 7, 0, 207, 0, 5, 4, 4, 0, 4, 12, 7, 12, 0, 5, 0, 0
64, CIVILIZATION_VALLETTA, 1, 6, 10, 6, 4, 0, 0, 0, 8, 6, 102, 7, 6, 5, 9, 2, 4, 21, 8, 13, 0, 5, 4, 0
64, CIVILIZATION_PRESLAV, 1, 7, 10, 4, 5, 0, 0, 0, 7, 5, 151, 0, 6, 2, 5, 0, 1, 22, 7, 11, 0, 7, 0, 0
64, CIVILIZATION_LISBON, 1, 4, 7, 5, 7, 0, 0, 0, 7, 4, 220, 0, 4, 4, 5, 0, 5, 11, 7, 13, 0, 3, 0, 0
64, CIVILIZATION_CARTHAGE, 1, 6, 8, 4, 4, 0, 0, 0, 7, 3, 275, 0, 5, 4, 4, 0, 2, 15, 7, 13, 0, 5, 0, 0
64, CIVILIZATION_KABUL, 1, 4, 8, 5, 7, 0, 0, 0, 7, 3, 88, 0, 4, 4, 5, 0, 4, 10, 7, 13, 0, 3, 0, 0
64, CIVILIZATION_MOHENJO_DARO, 1, 7, 8, 6, 4, 0, 0, 0, 7, 3, 73, 0, 6, 2, 9, 0, 2, 19, 7, 11, 0, 7, 5, 0
64, CIVILIZATION_AMSTERDAM, 1, 7, 7, 5, 4, 0, 0, 0, 7, 3, 319, 0, 6, 4, 7, 0, 2, 19, 7, 13, 1, 7, 0, 0
64, CIVILIZATION_PALENQUE, 1, 7, 10, 6, 3, 0, 0, 0, 8, 5, 131, 1, 9, 5, 7, 1, 4, 18, 8, 13, 1, 7, 0, 0
64, CIVILIZATION_STOCKHOLM, 1, 6, 8, 5, 6, 0, 0, 0, 7, 4, 159, 0, 6, 4, 8, 0, 5, 12, 7, 13, 1, 6, 4, 0
64, CIVILIZATION_ARMAGH, 1, 4, 6, 5, 6, 0, 0, 0, 8, 5, 100, 117, 4, 4, 7, 3, 6, 10, 8, 15, 1, 3, 0, 0
64, CIVILIZATION_KANDY, 1, 3, 8, 5, 7, 0, 0, 0, 8, 3, 288, 37, 4, 4, 13, 1, 3, 7, 8, 12, 1, 2, 0, 0
64, CIVILIZATION_KUMASI, 1, 2, 9, 5, 5, 0, 0, 0, 7, 3, 318, 0, 3, 3, 5, 0, 4, 4, 7, 13, 0, 1, 0, 0
64, CIVILIZATION_GRANADA, 1, 5, 9, 5, 6, 0, 0, 0, 7, 6, 108, 15, 5, 4, 7, 1, 5, 13, 7, 13, 0, 5, 5, 0
64, CIVILIZATION_BRUSSELS, 1, 5, 8, 6, 3, 0, 0, 0, 7, 3, 140, 0, 5, 5, 13, 0, 4, 13, 7, 13, 0, 5, 8, 0
65, CIVILIZATION_ROME, 1, 6, 8, 7, 2, 0, 0, 0, 14, 8, 136, 51, 6, 7, 36, 4, 10, 17, 14, 13, 2, 5, 5, 0
65, CIVILIZATION_CHINA, 2, 8, 9, 5, 6, 0, 0, 1, 22, 4, 161, 39, 14, 4, 18, 2, 22, 26, 22, 11, 2, 7, 0, 0
65, CIVILIZATION_JAPAN, 3, 12, 11, 6, 7, 0, 0, 0, 31, 7, 305, 228, 13, 8, 20, 8, 34, 37, 31, 14, 2, 11, 0, 3
65, CIVILIZATION_AMERICA, 2, 6, 9, 6, 4, 0, 0, 0, 23, 8, 14, 42, 9, 9, 10, 3, 20, 19, 23, 16, 1, 5, 0, 0
65, CIVILIZATION_SPAIN, 2, 5, 8, 4, 6, 0, 0, 1, 20, 3, 130, 123, 6, 2, 15, 4, 18, 14, 20, 12, 1, 4, 0, 0
65, CIVILIZATION_EGYPT, 3, 8, 7, 8, 8, 0, 0, 1, 29, 3, 128, 378, 8, 7, 14, 10, 21, 23, 29, 14, 1, 7, 2, 0
65, CIVILIZATION_KONGO, 2, 5, 8, 6, 2, 0, 0, 0, 21, 2, 100, 64, 10, 7, 6, 2, 17, 15, 21, 14, 1, 4, 0, 0
65, CIVILIZATION_AZTEC, 2, 4, 8, 3, 2, 0, 0, 0, 19, 0, 72, 7, 5, 2, 10, 0, 16, 9, 19, 10, 1, 3, 0, 0
65, CIVILIZATION_JAKARTA, 1, 5, 7, 5, 10, 0, 0, 0, 8, 1, 233, 18, 7, 4, 7, 0, 5, 12, 8, 13, 0, 5, 5, 0
65, CIVILIZATION_HATTUSA, 1, 4, 7, 5, 6, 0, 0, 0, 7, 4, 352, 0, 8, 4, 5, 0, 6, 10, 7, 15, 1, 3, 0, 0
65, CIVILIZATION_ZANZIBAR, 1, 3, 8, 5, 5, 0, 0, 0, 8, 5, 219, 0, 5, 4, 10, 0, 6, 7, 8, 12, 1, 2, 4, 0
65, CIVILIZATION_JERUSALEM, 1, 5, 8, 5, 6, 0, 0, 0, 7, 0, 212, 0, 5, 4, 4, 0, 4, 12, 7, 12, 0, 5, 0, 0
65, CIVILIZATION_VALLETTA, 1, 6, 10, 6, 4, 0, 0, 0, 8, 6, 109, 10, 6, 5, 9, 2, 4, 21, 8, 13, 0, 5, 4, 0
65, CIVILIZATION_PRESLAV, 1, 7, 10, 4, 5, 0, 0, 0, 7, 5, 154, 0, 6, 2, 5, 0, 1, 22, 7, 11, 0, 7, 0, 0
65, CIVILIZATION_LISBON, 1, 4, 7, 5, 7, 0, 0, 0, 7, 4, 225, 0, 4, 4, 5, 0, 5, 11, 7, 13, 0, 3, 0, 0
65, CIVILIZATION_CARTHAGE, 1, 6, 8, 4, 4, 0, 0, 0, 7, 3, 277, 0, 5, 4, 4, 0, 2, 15, 7, 13, 0, 5, 0, 0
65, CIVILIZATION_KABUL, 1, 4, 8, 5, 8, 0, 0, 0, 7, 3, 90, 0, 4, 4, 5, 0, 4, 10, 7, 13, 0, 3, 0, 0
65, CIVILIZATION_MOHENJO_DARO, 1, 7, 8, 6, 4, 0, 0, 0, 7, 3, 83, 0, 6, 2, 9, 0, 2, 19, 7, 11, 0, 7, 5, 0
65, CIVILIZATION_AMSTERDAM, 1, 7, 7, 5, 4, 0, 0, 0, 7, 3, 327, 0, 6, 4, 7, 0, 2, 19, 7, 13, 1, 7, 0, 0
65, CIVILIZATION_PALENQUE, 1, 7, 10, 6, 3, 0, 0, 0, 8, 5, 135, 3, 9, 5, 7, 1, 4, 18, 8, 13, 1, 7, 0, 0
65, CIVILIZATION_STOCKHOLM, 1, 6, 8, 5, 6, 0, 0, 0, 7, 4, 166, 0, 6, 4, 8, 0, 5, 12, 7, 13, 1, 6, 4, 0
65, CIVILIZATION_ARMAGH, 1, 4, 6, 5, 6, 0, 0, 0, 9, 6, 105, 121, 4, 4, 7, 4, 7, 10, 9, 15, 1, 3, 0, 0
65, CIVILIZATION_KANDY, 1, 3, 8, 5, 7, 0, 0, 0, 8, 4, 300, 38, 4, 4, 14, 1, 3, 7, 8, 12, 1, 2, 0, 0
65, CIVILIZATION_KUMASI, 1, 2, 9, 5, 5, 0, 0, 0, 7, 3, 321, 0, 3, 3, 5, 0, 4, 4, 7, 13, 0, 1, 0, 0
65, CIVILIZATION_GRANADA, 1, 5, 9, 5, 6, 0, 0, 0, 7, 6, 116, 17, 5, 4, 7, 1, 5, 13, 7, 13, 0, 5, 5, 0
65, CIVILIZATION_BRUSSELS, 1, 5, 8, 6, 3, 0, 0, 0, 7, 3, 153, 0, 5, 5, 13, 0, 4, 13, 7, 13, 0, 5, 8, 0
66, CIVILIZATION_ROME, 1, 6, 8, 7, 2, 0, 0, 0, 14, 8, 170, 55, 6, 7, 36, 4, 10, 17, 14, 13, 2, 5, 5, 0
66, CIVILIZATION_CHINA, 2, 8, 9, 5, 6, 0, 0, 1, 22, 4, 178, 41, 14, 4, 18, 2, 22, 26, 22, 11, 2, 7, 0, 0
66, CIVILIZATION_JAPAN, 3, 12, 11, 6, 7, 0, 0, 0, 32, 8, 322, 236, 13, 8, 20, 8, 34, 37, 32, 14, 2, 11, 0, 3
66, CIVILIZATION_AMERICA, 2, 7, 9, 6, 3, 0, 0, 0, 23, 8, 21, 45, 10, 9, 10, 3, 23, 21, 23, 16, 1, 6, 0, 0
66, CIVILIZATION_SPAIN, 2, 5, 8, 4, 6, 0, 0, 1, 20, 3, 135, 128, 6, 2, 15, 4, 18, 14, 20, 12, 1, 4, 0, 0
66, CIVILIZATION_EGYPT, 3, 8, 7, 8, 8, 0, 0, 1, 29, 3, 139, 391, 8, 7, 14, 12, 21, 23, 29, 14, 1, 7, 2, 0
66, CIVILIZATION_KONGO, 2, 5, 8, 6, 3, 0, 0, 0, 21, 2, 104, 66, 10, 7, 6, 2, 17, 15, 21, 14, 1, 4, 0, 0
66, CIVILIZATION_AZTEC, 2, 4, 8, 3, 2, 0, 0, 0, 19, 0, 76, 7, 5, 2, 11, 0, 13, 10, 19, 10, 1, 3, 0, 0
66, CIVILIZATION_JAKARTA, 1, 5, 8, 5, 10, 0, 0, 0, 8, 1, 241, 19, 7, 4, 7, 0, 5, 12, 8, 13, 0, 5, 5, 0
66, CIVILIZATION_HATTUSA, 1, 4, 7, 5, 6, 0, 0, 0, 7, 4, 355, 0, 7, 4, 5, 0, 6, 10, 7, 15, 1, 3, 0, 0
66, CIVILIZATION_ZANZIBAR, 1, 3, 8, 5, 5, 0, 0, 0, 8, 5, 230, 0, 5, 4, 10, 0, 6, 7, 8, 12, 1, 2, 4, 0
66, CIVILIZATION_JERUSALEM, 1, 5, 8, 5, 6, 0, 0, 0, 7, 0, 16, 0, 5, 4, 4, 0, 4, 12, 7, 12, 1, 5, 0, 0
66, CIVILIZATION_VALLETTA, 1, 6, 10, 6, 5, 0, 0, 0, 8, 6, 113, 13, 6, 5, 9, 2, 4, 21, 8, 13, 0, 5, 4, 0
66, CIVILIZATION_PRESLAV, 1, 8, 10, 4, 6, 0, 0, 0, 7, 5, 141, 0, 7, 3, 5, 0, 1, 22, 7, 11, 0, 8, 0, 0
66, CIVILIZATION_LISBON, 1, 5, 7, 5, 8, 0, 0, 0, 7, 4, 230, 0, 5, 4, 4, 0, 5, 12, 7, 13, 0, 5, 0, 0
66, CIVILIZATION_CARTHAGE, 1, 6, 8, 4, 4, 0, 0, 0, 7, 3, 280, 0, 5, 4, 4, 0, 2, 15, 7, 13, 0, 5, 0, 0
66, CIVILIZATION_KABUL, 1, 4, 8, 5, 8, 0, 0, 0, 7, 3, 92, 0, 4, 4, 5, 0, 4, 10, 7, 13, 0, 3, 0, 0
66, CIVILIZATION_MOHENJO_DARO, 1, 7, 8, 6, 4, 0, 0, 0, 7, 3, 90, 0, 6, 2, 7, 0, 2, 17, 7, 11, 0, 7, 0, 0
66, CIVILIZATION_AMSTERDAM, 1, 7, 7, 5, 4, 0, 0, 0, 7, 3, 335, 0, 6, 4, 7, 0, 2, 19, 7, 13, 1, 7, 0, 0
66, CIVILIZATION_PALENQUE, 1, 7, 10, 6, 3, 0, 0, 0, 8, 5, 138, 5, 9, 5, 7, 1, 4, 18, 8, 13, 1, 7, 0, 0
66, CIVILIZATION_STOCKHOLM, 1, 6, 8, 5, 6, 0, 0, 0, 7, 4, 173, 0, 6, 4, 8, 0, 5, 12, 7, 13, 1, 6, 4, 0
66, CIVILIZATION_ARMAGH, 1, 4, 6, 5, 6, 0, 0, 0, 9, 6, 110, 125, 4, 4, 7, 4, 7, 10, 9, 15, 1, 3, 0, 0
66, CIVILIZATION_KANDY, 1, 4, 8, 5, 8, 0, 0, 0, 8, 4, 71, 39, 5, 4, 14, 1, 4, 9, 8, 12, 1, 3, 0, 0
66, CIVILIZATION_KUMASI, 1, 2, 9, 6, 5, 0, 0, 0, 7, 3, 323, 2, 4, 4, 7, 2, 4, 5, 7, 13, 0, 1, 0, 0
66, CIVILIZATION_GRANADA, 1, 5, 9, 5, 6, 0, 0, 0, 7, 6, 124, 19, 5, 4, 7, 1, 5, 13, 7, 13, 0, 5, 5, 0
66, CIVILIZATION_BRUSSELS, 1, 5, 8, 6, 4, 0, 0, 0, 7, 3, 166, 0, 5, 5, 13, 0, 4, 13, 7, 13, 0, 5, 8, 0
67, CIVILIZATION_ROME, 1, 6, 9, 7, 2, 0, 0, 0, 14, 8, 204, 59, 6, 7, 36, 4, 10, 17, 14, 13, 2, 5, 5, 0
67, CIVILIZATION_CHINA, 2, 9, 9, 5, 7, 0, 0, 1, 22, 4, 194, 43, 15, 5, 18, 2, 25, 27, 22, 11, 2, 8, 0, 0
67, CIVILIZATION_JAPAN, 3, 12, 11, 6, 7, 0, 0, 0, 32, 8, 341, 245, 13, 8, 22, 8, 30, 40, 32, 14, 2, 11, 0, 3
67, CIVILIZATION_AMERICA, 2, 8, 9, 6, 3, 0, 0, 0, 23, 8, 28, 49, 13, 10, 10, 3, 25, 22, 23, 16, 2, 7, 0, 0
67, CIVILIZATION_SPAIN, 2, 6, 9, 4, 6, 0, 0, 2, 20, 3, 139, 132, 6, 3, 15, 4, 21, 15, 20, 12, 1, 5, 0, 0
67, CIVILIZATION_EGYPT, 3, 8, 8, 8, 7, 0, 0, 1, 29, 3, 148, 404, 8, 5, 12, 12, 21, 23, 29, 14, 1, 7, 2, 0
67, CIVILIZATION_KONGO, 2, 5, 8, 6, 2, 0, 0, 0, 21, 2, 108, 68, 10, 7, 6, 2, 17, 15, 21, 14, 1, 4, 0, 0
67, CIVILIZATION_AZTEC, 2, 4, 8, 3, 2, 0, 0, 0, 19, 0, 79, 7, 5, 2, 10, 0, 16, 9, 19, 10, 1, 3, 0, 0
67, CIVILIZATION_JAKARTA, 1, 5, 8, 5, 10, 0, 0, 0, 8, 1, 248, 20, 7, 4, 7, 0, 5, 12, 8, 13, 0, 5, 5, 0
67, CIVILIZATION_HATTUSA, 1, 4, 7, 5, 6, 0, 0, 0, 7, 4, 358, 0, 7, 4, 5, 0, 6, 10, 7, 15, 1, 3, 0, 0
67, CIVILIZATION_ZANZIBAR, 1, 4, 8, 5, 5, 0, 0, 0, 8, 5, 243, 0, 6, 4, 13, 0, 6, 9, 8, 15, 1, 3, 4, 0
67, CIVILIZATION_JERUSALEM, 1, 5, 8, 5, 6, 0, 0, 0, 7, 0, 20, 1, 5, 4, 4, 0, 4, 12, 7, 12, 1, 5, 0, 0
67, CIVILIZATION_VALLETTA, 1, 6, 10, 6, 5, 0, 0, 0, 8, 6, 118, 16, 6, 5, 9, 2, 3, 22, 8, 13, 0, 5, 4, 0
67, CIVILIZATION_PRESLAV, 1, 8, 10, 4, 6, 0, 0, 0, 7, 5, 143, 0, 7, 3, 5, 0, 1, 22, 7, 11, 0, 8, 0, 0
67, CIVILIZATION_LISBON, 1, 5, 7, 5, 8, 0, 0, 0, 7, 4, 235, 0, 5, 4, 4, 0, 5, 12, 7, 13, 0, 5, 0, 0
67, CIVILIZATION_CARTHAGE, 1, 6, 8, 4, 4, 0, 0, 0, 7, 3, 283, 0, 5, 4, 4, 0, 2, 15, 7, 13, 0, 5, 0, 0
67, CIVILIZATION_KABUL, 1, 4, 8, 5, 8, 0, 0, 0, 7, 3, 94, 0, 4, 4, 5, 0, 4, 10, 7, 13, 0, 3, 0, 0
67, CIVILIZATION_MOHENJO_DARO, 1, 7, 8, 6, 3, 0, 0, 0, 7, 3, 97, 0, 6, 2, 7, 0, 2, 17, 7, 11, 0, 7, 0, 0
67, CIVILIZATION_AMSTERDAM, 1, 7, 7, 5, 4, 0, 0, 0, 7, 3, 342, 0, 6, 4, 7, 0, 2, 19, 7, 13, 1, 7, 0, 0
67, CIVILIZATION_PALENQUE, 1, 7, 10, 6, 3, 0, 0, 0, 8, 5, 142, 7, 9, 5, 7, 1, 4, 18, 8, 13, 1, 7, 0, 0
67, CIVILIZATION_STOCKHOLM, 1, 6, 8, 5, 6, 0, 0, 0, 7, 4, 179, 0, 10, 4, 7, 0, 5, 12, 7, 15, 1, 5, 4, 0
67, CIVILIZATION_ARMAGH, 1, 4, 7, 5, 6, 0, 0, 0, 9, 6, 115, 129, 4, 4, 7, 4, 7, 10, 9, 15, 1, 3, 0, 0
67, CIVILIZATION_KANDY, 1, 4, 8, 5, 8, 0, 0, 0, 8, 4, 82, 40, 5, 4, 14, 1, 4, 9, 8, 12, 1, 3, 0, 0
67, CIVILIZATION_KUMASI, 1, 2, 9, 6, 6, 0, 0, 0, 7, 3, 330, 4, 4, 4, 7, 2, 4, 5, 7, 13, 0, 1, 0, 0
67, CIVILIZATION_GRANADA, 1, 5, 9, 5, 6, 0, 0, 0, 7, 6, 131, 20, 5, 4, 7, 1, 5, 13, 7, 13, 0, 5, 5, 0
67, CIVILIZATION_BRUSSELS, 1, 5, 8, 6, 4, 0, 0, 0, 7, 3, 229, 0, 5, 5, 13, 0, 4, 13, 7, 13, 0, 5, 8, 0
68, CIVILIZATION_ROME, 1, 7, 9, 7, 2, 0, 0, 0, 14, 8, 239, 64, 7, 7, 36, 4, 11, 20, 14, 13, 2, 6, 5, 0
68, CIVILIZATION_CHINA, 2, 9, 9, 5, 8, 0, 0, 1, 22, 4, 51, 46, 15, 5, 18, 2, 25, 27, 22, 11, 2, 8, 0, 0
68, CIVILIZATION_JAPAN, 3, 12, 11, 6, 7, 0, 0, 0, 32, 8, 359, 254, 13, 8, 22, 8, 23, 40, 32, 14, 2, 11, 0, 3
68, CIVILIZATION_AMERICA, 2, 8, 9, 6, 2, 0, 0, 0, 23, 8, 34, 52, 13, 10, 10, 3, 25, 22, 23, 16, 2, 7, 0, 0
68, CIVILIZATION_SPAIN, 2, 6, 9, 4, 6, 0, 0, 2, 20, 3, 143, 137, 6, 3, 15, 4, 21, 15, 20, 12, 1, 5, 0, 0
68, CIVILIZATION_EGYPT, 3, 8, 8, 8, 7, 0, 0, 1, 29, 3, 157, 417, 8, 5, 12, 12, 21, 23, 29, 14, 1, 7, 2, 0
68, CIVILIZATION_KONGO, 2, 5, 8, 7, 2, 0, 0, 0, 21, 2, 112, 71, 10, 7, 7, 3, 16, 15, 21, 14, 1, 4, 0, 0
68, CIVILIZATION_AZTEC, 2, 4, 8, 3, 2, 0, 0, 0, 19, 0, 84, 7, 5, 2, 11, 0, 13, 10, 19, 10, 1, 3, 0, 0
68, CIVILIZATION_JAKARTA, 1, 5, 8, 5, 10, 0, 0, 0, 8, 1, 256, 21, 7, 4, 7, 0, 5, 12, 8, 13, 0, 5, 5, 0
68, CIVILIZATION_HATTUSA, 1, 4, 7, 5, 6, 0, 0, 0, 7, 4, 361, 0, 7, 4, 5, 0, 6, 10, 7, 15, 1, 3, 0, 0
68, CIVILIZATION_ZANZIBAR, 1, 4, 8, 5, 5, 0, 0, 0, 8, 5, 257, 0, 6, 4, 13, 0, 6, 9, 8, 15, 1, 3, 4, 0
68, CIVILIZATION_JERUSALEM, 1, 5, 8, 5, 6, 0, 0, 0, 7, 0, 23, 2, 5, 4, 4, 0, 4, 11, 7, 12, 1, 5, 0, 0
68, CIVILIZATION_VALLETTA, 1, 6, 10, 6, 5, 0, 0, 0, 8, 6, 122, 19, 6, 5, 9, 2, 3, 22, 8, 13, 0, 5, 4, 0
68, CIVILIZATION_PRESLAV, 1, 8, 10, 4, 6, 0, 0, 0, 7, 5, 144, 0, 7, 3, 5, 0, 1, 22, 7, 11, 0, 8, 0, 0
68, CIVILIZATION_LISBON, 1, 5, 7, 5, 8, 0, 0, 0, 7, 4, 240, 0, 5, 4, 4, 0, 5, 12, 7, 13, 0, 5, 0, 0
68, CIVILIZATION_CARTHAGE, 1, 6, 8, 4, 4, 0, 0, 0, 7, 3, 286, 0, 5, 4, 4, 0, 2, 15, 7, 13, 0, 5, 0, 0
68, CIVILIZATION_KABUL, 1, 4, 8, 5, 8, 0, 0, 0, 7, 3, 146, 0, 4, 4, 5, 0, 4, 10, 7, 13, 0, 3, 0, 0
68, CIVILIZATION_MOHENJO_DARO, 1, 7, 8, 6, 3, 0, 0, 0, 7, 3, 104, 0, 6, 2, 7, 0, 2, 17, 7, 11, 0, 7, 0, 0
68, CIVILIZATION_AMSTERDAM, 1, 7, 7, 5, 4, 0, 0, 0, 7, 3, 350, 0, 6, 4, 7, 0, 2, 19, 7, 13, 1, 7, 0, 0
68, CIVILIZATION_PALENQUE, 1, 7, 10, 6, 3, 0, 0, 0, 8, 5, 146, 9, 9, 5, 7, 1, 4, 18, 8, 13, 1, 7, 0, 0
68, CIVILIZATION_STOCKHOLM, 1, 6, 8, 5, 6, 0, 0, 0, 7, 4, 184, 0, 10, 4, 7, 0, 5, 12, 7, 15, 1, 5, 4, 0
68, CIVILIZATION_ARMAGH, 1, 4, 8, 5, 6, 0, 0, 0, 9, 6, 120, 133, 4, 4, 7, 4, 7, 10, 9, 15, 1, 3, 0, 0
68, CIVILIZATION_KANDY, 1, 4, 8, 5, 8, 0, 0, 0, 8, 4, 92, 41, 5, 4, 14, 1, 4, 9, 8, 12, 1, 3, 0, 0
68, CIVILIZATION_KUMASI, 1, 2, 9, 6, 6, 0, 0, 0, 7, 3, 337, 6, 4, 4, 7, 2, 4, 5, 7, 13, 0, 1, 0, 0
68, CIVILIZATION_GRANADA, 1, 5, 9, 5, 7, 0, 0, 0, 7, 6, 139, 22, 5, 4, 7, 1, 5, 13, 7, 13, 0, 5, 5, 0
68, CIVILIZATION_BRUSSELS, 1, 5, 8, 6, 4, 0, 0, 0, 7, 3, 242, 0, 5, 5, 13, 0, 4, 13, 7, 13, 0, 5, 8, 0
69, CIVILIZATION_ROME, 2, 8, 9, 8, 3, 0, 0, 0, 22, 8, 162, 68, 8, 9, 36, 4, 15, 23, 22, 15, 2, 7, 5, 0
69, CIVILIZATION_CHINA, 2, 9, 9, 5, 8, 0, 0, 1, 22, 4, 67, 48, 15, 5, 18, 2, 25, 27, 22, 11, 2, 8, 0, 0
69, CIVILIZATION_JAPAN, 3, 13, 11, 6, 7, 0, 0, 0, 32, 9, 378, 263, 14, 8, 22, 8, 26, 42, 32, 14, 2, 12, 0, 3
69, CIVILIZATION_AMERICA, 2, 8, 9, 6, 3, 0, 0, 0, 23, 8, 39, 56, 13, 11, 10, 3, 25, 22, 23, 16, 2, 7, 0, 0
69, CIVILIZATION_SPAIN, 2, 6, 9, 4, 6, 0, 0, 2, 20, 3, 147, 141, 6, 3, 15, 4, 21, 15, 20, 12, 1, 5, 0, 0
69, CIVILIZATION_EGYPT, 3, 8, 8, 8, 7, 0, 0, 2, 29, 3, 165, 30, 8, 5, 12, 12, 21, 23, 29, 14, 1, 7, 2, 0
69, CIVILIZATION_KONGO, 2, 5, 8, 7, 2, 0, 0, 0, 21, 2, 118, 75, 10, 7, 7, 3, 16, 15, 21, 14, 1, 4, 0, 0
69, CIVILIZATION_AZTEC, 2, 4, 8, 4, 2, 0, 0, 0, 19, 0, 87, 7, 5, 2, 10, 0, 16, 9, 19, 10, 1, 3, 0, 0
69, CIVILIZATION_JAKARTA, 1, 5, 8, 5, 10, 0, 0, 0, 8, 1, 264, 22, 7, 4, 7, 0, 5, 12, 8, 13, 0, 5, 5, 0
69, CIVILIZATION_HATTUSA, 1, 5, 7, 5, 6, 0, 0, 0, 7, 4, 364, 0, 8, 4, 4, 0, 5, 11, 7, 15, 1, 5, 0, 0
69, CIVILIZATION_ZANZIBAR, 1, 4, 8, 5, 5, 0, 0, 0, 8, 5, 271, 0, 6, 4, 13, 0, 6, 9, 8, 15, 1, 3, 4, 0
69, CIVILIZATION_JERUSALEM, 1, 5, 8, 5, 6, 0, 0, 0, 7, 1, 27, 3, 5, 4, 4, 0, 4, 12, 7, 12, 1, 5, 0, 0
69, CIVILIZATION_VALLETTA, 1, 6, 10, 6, 5, 0, 0, 0, 8, 6, 127, 21, 6, 5, 9, 2, 3, 22, 8, 13, 0, 5, 4, 0
69, CIVILIZATION_PRESLAV, 1, 8, 10, 4, 6, 0, 0, 0, 7, 5, 146, 0, 7, 3, 5, 0, 1, 22, 7, 11, 0, 8, 0, 0
69, CIVILIZATION_LISBON, 1, 5, 7, 5, 8, 0, 0, 0, 7, 4, 244, 0, 5, 4, 4, 0, 5, 12, 7, 13, 0, 5, 0, 0
69, CIVILIZATION_CARTHAGE, 1, 6, 8, 4, 5, 0, 0, 0, 7, 3, 287, 0, 5, 4, 4, 0, 2, 15, 7, 13, 0, 5, 0, 0
69, CIVILIZATION_KABUL, 1, 4, 8, 5, 9, 0, 0, 0, 7, 3, 147, 0, 4, 4, 5, 0, 4, 10, 7, 13, 0, 3, 0, 0
69, CIVILIZATION_MOHENJO_DARO, 1, 7, 9, 6, 3, 0, 0, 0, 7, 3, 111, 0, 6, 2, 7, 0, 2, 17, 7, 11, 0, 7, 0, 0
69, CIVILIZATION_AMSTERDAM, 1, 7, 7, 5, 4, 0, 0, 0, 7, 3, 358, 0, 6, 4, 7, 0, 2, 19, 7, 13, 1, 7, 0, 0
69, CIVILIZATION_PALENQUE, 1, 7, 11, 6, 3, 0, 0, 0, 8, 5, 149, 11, 9, 5, 7, 1, 4, 18, 8, 13, 1, 7, 0, 0
69, CIVILIZATION_STOCKHOLM, 1, 6, 8, 5, 6, 0, 0, 0, 7, 4, 190, 0, 10, 4, 7, 0, 5, 12, 7, 15, 1, 5, 4, 0
69, CIVILIZATION_ARMAGH, 1, 4, 8, 5, 6, 0, 0, 0, 9, 7, 125, 137, 4, 4, 7, 4, 7, 10, 9, 15, 1, 3, 0, 0
69, CIVILIZATION_KANDY, 1, 4, 8, 5, 8, 0, 0, 0, 8, 4, 153, 41, 5, 4, 14, 0, 3, 10, 8, 13, 1, 3, 0, 0
69, CIVILIZATION_KUMASI, 1, 2, 9, 6, 6, 0, 0, 0, 7, 3, 345, 8, 4, 4, 7, 2, 4, 5, 7, 13, 0, 1, 0, 0
69, CIVILIZATION_GRANADA, 1, 5, 9, 5, 7, 0, 0, 0, 7, 6, 146, 24, 5, 4, 7, 1, 5, 13, 7, 13, 0, 5, 5, 0
69, CIVILIZATION_BRUSSELS, 1, 5, 8, 6, 4, 0, 0, 0, 7, 3, 255, 0, 5, 5, 13, 0, 4, 13, 7, 13, 0, 5, 8, 0
70, CIVILIZATION_ROME, 2, 8, 10, 8, 3, 0, 0, 0, 22, 8, 192, 70, 8, 9, 33, 2, 18, 23, 22, 15, 2, 7, 0, 0
70, CIVILIZATION_CHINA, 2, 9, 9, 5, 8, 0, 0, 1, 22, 4, 84, 50, 15, 5, 18, 2, 22, 27, 22, 11, 2, 8, 0, 0
70, CIVILIZATION_JAPAN, 3, 13, 11, 7, 7, 0, 0, 0, 32, 10, 399, 273, 14, 8, 27, 10, 23, 42, 32, 14, 2, 12, 0, 3
70, CIVILIZATION_AMERICA, 2, 8, 9, 6, 3, 0, 0, 0, 23, 8, 44, 59, 13, 11, 10, 3, 25, 22, 23, 16, 2, 7, 0, 0
70, CIVILIZATION_SPAIN, 2, 6, 9, 5, 6, 0, 0, 2, 20, 4, 151, 146, 6, 3, 15, 4, 21, 15, 20, 12, 1, 5, 0, 0
70, CIVILIZATION_EGYPT, 3, 8, 8, 8, 8, 0, 0, 1, 29, 2, 14, 41, 8, 5, 12, 10, 21, 23, 29, 12, 1, 7, 2, 0
70, CIVILIZATION_KONGO, 2, 5, 8, 7, 2, 0, 0, 0, 21, 2, 123, 78, 10, 7, 7, 3, 16, 15, 21, 14, 1, 4, 0, 0
70, CIVILIZATION_AZTEC, 2, 4, 8, 4, 2, 0, 0, 0, 19, 0, 91, 7, 5, 2, 11, 0, 13, 10, 19, 10, 1, 3, 0, 0
70, CIVILIZATION_JAKARTA, 1, 5, 8, 5, 10, 0, 0, 0, 8, 1, 271, 23, 7, 4, 7, 0, 5, 12, 8, 13, 0, 5, 5, 0
70, CIVILIZATION_HATTUSA, 1, 5, 8, 6, 6, 0, 0, 0, 7, 4, 366, 1, 10, 4, 6, 1, 6, 10, 7, 15, 1, 5, 0, 0
70, CIVILIZATION_ZANZIBAR, 1, 4, 9, 5, 5, 0, 0, 0, 8, 5, 284, 0, 6, 4, 13, 0, 6, 9, 8, 15, 1, 3, 4, 0
70, CIVILIZATION_JERUSALEM, 1, 5, 8, 6, 6, 0, 0, 0, 7, 1, 31, 6, 6, 5, 6, 2, 4, 13, 7, 12, 1, 5, 0, 0
70, CIVILIZATION_VALLETTA, 1, 7, 10, 6, 5, 0, 0, 0, 8, 6, 131, 24, 7, 5, 9, 2, 4, 24, 8, 13, 0, 6, 4, 0
70, CIVILIZATION_PRESLAV, 1, 8, 10, 4, 6, 0, 0, 0, 7, 5, 148, 0, 7, 3, 5, 0, 1, 22, 7, 11, 0, 8, 0, 0
70, CIVILIZATION_LISBON, 1, 5, 8, 6, 9, 0, 0, 0, 7, 4, 249, 1, 6, 5, 6, 1, 5, 13, 7, 13, 0, 5, 0, 0
70, CIVILIZATION_CARTHAGE, 1, 6, 8, 4, 5, 0, 0, 0, 7, 3, 289, 0, 5, 4, 4, 0, 2, 15, 7, 13, 0, 5, 0, 0
70, CIVILIZATION_KABUL, 1, 4, 8, 6, 9, 0, 0, 0, 7, 3, 148, 2, 5, 5, 7, 2, 4, 11, 7, 13, 0, 3, 0, 0
70, CIVILIZATION_MOHENJO_DARO, 1, 7, 9, 7, 2, 0, 0, 0, 7, 3, 118, 1, 7, 3, 9, 1, 2, 18, 7, 11, 0, 7, 0, 0
70, CIVILIZATION_AMSTERDAM, 1, 7, 7, 5, 5, 0, 0, 0, 7, 3, 125, 0, 6, 4, 7, 0, 2, 19, 7, 13, 1, 7, 0, 0
70, CIVILIZATION_PALENQUE, 1, 7, 11, 6, 3, 0, 0, 0, 8, 5, 153, 13, 9, 5, 7, 1, 4, 18, 8, 13, 1, 7, 0, 0
70, CIVILIZATION_STOCKHOLM, 1, 6, 8, 6, 6, 0, 0, 0, 7, 4, 195, 1, 11, 5, 9, 1, 5, 13, 7, 15, 1, 5, 4, 0
70, CIVILIZATION_ARMAGH, 1, 4, 8, 6, 6, 0, 0, 0, 9, 7, 128, 143, 5, 5, 7, 6, 7, 11, 9, 15, 1, 3, 0, 0
70, CIVILIZATION_KANDY, 1, 4, 8, 6, 8, 0, 0, 0, 8, 5, 164, 42, 5, 4, 15, 1, 3, 11, 8, 13, 1, 3, 0, 0
70, CIVILIZATION_KUMASI, 1, 2, 9, 6, 6, 0, 0, 0, 7, 3, 352, 10, 4, 4, 7, 2, 4, 5, 7, 13, 0, 1, 0, 0
70, CIVILIZATION_GRANADA, 1, 5, 9, 6, 7, 0, 0, 0, 7, 6, 154, 28, 6, 5, 9, 3, 5, 14, 7, 13, 0, 5, 5, 0
70, CIVILIZATION_BRUSSELS, 1, 5, 9, 6, 4, 0, 0, 0, 7, 3, 268, 0, 5, 5, 13, 0, 4, 13, 7, 13, 0, 5, 8, 0
71, CIVILIZATION_ROME, 2, 8, 10, 8, 3, 0, 0, 0, 22, 8, 223, 72, 8, 9, 34, 2, 19, 24, 22, 15, 2, 7, 3, 0
71, CIVILIZATION_CHINA, 2, 10, 9, 5, 8, 0, 0, 1, 22, 4, 101, 52, 15, 5, 19, 2, 22, 30, 22, 11, 2, 9, 0, 0
71, CIVILIZATION_JAPAN, 3, 14, 11, 7, 8, 0, 0, 0, 33, 10, 182, 283, 15, 9, 27, 10, 25, 44, 33, 14, 2, 13, 0, 3
71, CIVILIZATION_AMERICA, 2, 8, 10, 6, 3, 0, 0, 0, 25, 8, 50, 63, 13, 11, 10, 3, 25, 22, 25, 16, 2, 7, 0, 0
71, CIVILIZATION_SPAIN, 3, 7, 9, 5, 6, 0, 0, 2, 27, 5, 156, 150, 7, 3, 16, 4, 26, 19, 27, 12, 1, 6, 0, 0
71, CIVILIZATION_EGYPT, 3, 8, 8, 8, 8, 0, 0, 1, 29, 2, 23, 52, 8, 5, 12, 10, 21, 23, 29, 12, 1, 7, 2, 0
71, CIVILIZATION_KONGO, 2, 5, 8, 7, 2, 0, 0, 0, 22, 3, 128, 81, 10, 7, 7, 3, 16, 16, 22, 14, 1, 4, 0, 0
71, CIVILIZATION_AZTEC, 2, 5, 8, 4, 2, 0, 0, 0, 19, 0, 95, 7, 6, 2, 11, 0, 16, 11, 19, 10, 1, 4, 0, 0
71, CIVILIZATION_JAKARTA, 1, 5, 8, 5, 10, 0, 0, 0, 8, 1, 279, 24, 7, 4, 7, 0, 5, 12, 8, 13, 0, 5, 5, 0
71, CIVILIZATION_HATTUSA, 1, 5, 8, 6, 6, 0, 0, 0, 7, 4, 370, 2, 8, 4, 6, 1, 6, 11, 7, 15, 1, 5, 0, 0
71, CIVILIZATION_ZANZIBAR, 1, 4, 10, 5, 5, 0, 0, 0, 8, 5, 295, 0, 6, 4, 10, 0, 6, 9, 8, 15, 1, 3, 0, 0
71, CIVILIZATION_JERUSALEM, 1, 6, 8, 6, 6, 0, 0, 0, 7, 1, 34, 9, 6, 5, 7, 2, 4, 13, 7, 13, 1, 6, 0, 0
71, CIVILIZATION_VALLETTA, 1, 7, 10, 6, 5, 0, 0, 0, 8, 6, 136, 27, 7, 5, 9, 2, 4, 24, 8, 13, 0, 6, 4, 0
71, CIVILIZATION_PRESLAV, 1, 8, 10, 4, 6, 0, 0, 0, 7, 5, 149, 0, 7, 3, 5, 0, 1, 22, 7, 11, 0, 8, 0, 0
71, CIVILIZATION_LISBON, 1, 5, 8, 6, 9, 0, 0, 0, 7, 4, 251, 3, 6, 5, 6, 1, 5, 13, 7, 13, 0, 5, 0, 0
71, CIVILIZATION_CARTHAGE, 1, 6, 8, 4, 5, 0, 0, 0, 7, 3, 291, 0, 5, 4, 4, 0, 2, 15, 7, 13, 0, 5, 0, 0
71, CIVILIZATION_KABUL, 1, 4, 8, 6, 9, 0, 0, 0, 7, 3, 155, 4, 5, 5, 7, 2, 4, 11, 7, 13, 0, 3, 0, 0
71, CIVILIZATION_MOHENJO_DARO, 1, 7, 9, 7, 1, 0, 0, 0, 7, 3, 127, 3, 7, 3, 9, 1, 2, 18, 7, 11, 0, 7, 0, 0
71, CIVILIZATION_AMSTERDAM, 1, 8, 7, 5, 5, 0, 0, 0, 7, 3, 133, 0, 7, 5, 8, 0, 2, 19, 7, 13, 1, 9, 0, 0
71, CIVILIZATION_PALENQUE, 1, 7, 11, 6, 3, 0, 0, 0, 8, 5, 156, 15, 9, 5, 7, 1, 4, 18, 8, 13, 1, 7, 0, 0
71, CIVILIZATION_STOCKHOLM, 1, 6, 8, 6, 6, 0, 0, 0, 7, 4, 196, 3, 15, 5, 6, 1, 5, 12, 7, 15, 1, 5, 0, 0
71, CIVILIZATION_ARMAGH, 1, 4, 8, 6, 6, 0, 0, 0, 9, 7, 133, 150, 5, 5, 9, 6, 7, 12, 9, 15, 1, 3, 0, 0
71, CIVILIZATION_KANDY, 1, 4, 9, 6, 8, 0, 0, 0, 8, 5, 178, 45, 5, 4, 15, 2, 3, 11, 8, 13, 1, 3, 0, 0
71, CIVILIZATION_KUMASI, 1, 2, 9, 6, 7, 0, 0, 0, 7, 3, 359, 12, 4, 4, 7, 2, 4, 5, 7, 13, 0, 1, 0, 0
71, CIVILIZATION_GRANADA, 1, 5, 9, 6, 8, 0, 0, 0, 7, 6, 157, 32, 6, 5, 9, 3, 5, 14, 7, 13, 0, 5, 5, 0
71, CIVILIZATION_BRUSSELS, 1, 5, 9, 6, 5, 0, 0, 0, 7, 3, 281, 0, 5, 5, 13, 0, 4, 13, 7, 13, 0, 5, 8, 0
72, CIVILIZATION_ROME, 2, 8, 10, 8, 3, 0, 0, 0, 22, 8, 254, 74, 8, 9, 34, 2, 19, 24, 22, 15, 2, 7, 3, 0
72, CIVILIZATION_CHINA, 2, 10, 9, 5, 8, 0, 0, 1, 22, 4, 143, 55, 15, 5, 19, 2, 22, 30, 22, 11, 2, 9, 0, 0
72, CIVILIZATION_JAPAN, 3, 14, 11, 7, 8, 0, 0, 0, 33, 12, 204, 293, 15, 9, 27, 10, 25, 44, 33, 14, 2, 13, 0, 3
72, CIVILIZATION_AMERICA, 2, 8, 10, 6, 3, 0, 0, 0, 25, 8, 55, 66, 13, 11, 10, 3, 25, 22, 25, 16, 2, 7, 0, 0
72, CIVILIZATION_SPAIN, 3, 7, 10, 5, 6, 0, 0, 2, 27, 5, 139, 155, 7, 3, 18, 4, 25, 21, 27, 13, 1, 6, 0, 0
72, CIVILIZATION_EGYPT, 3, 8, 8, 8, 7, 0, 0, 1, 29, 2, 32, 63, 8, 5, 12, 10, 21, 23, 29, 12, 1, 7, 2, 0
72, CIVILIZATION_KONGO, 2, 5, 8, 7, 3, 0, 0, 0, 22, 3, 132, 85, 10, 7, 7, 3, 16, 16, 22, 14, 1, 4, 0, 0
72, CIVILIZATION_AZTEC, 2, 5, 8, 4, 2, 0, 0, 0, 19, 0, 99, 7, 6, 2, 11, 0, 16, 11, 19, 10, 1, 4, 0, 0
72, CIVILIZATION_JAKARTA, 1, 5, 9, 5, 10, 0, 0, 0, 8, 1, 286, 25, 7, 4, 7, 0, 5, 12, 8, 13, 0, 5, 5, 0
72, CIVILIZATION_HATTUSA, 1, 5, 9, 6, 6, 0, 0, 0, 7, 4, 374, 3, 10, 4, 6, 1, 6, 10, 7, 15, 1, 5, 0, 0
72, CIVILIZATION_ZANZIBAR, 1, 4, 11, 5, 5, 0, 0, 0, 8, 5, 80, 0, 6, 4, 14, 0, 6, 9, 8, 15, 1, 3, 5, 0
72, CIVILIZATION_JERUSALEM, 1, 6, 8, 6, 6, 0, 0, 0, 7, 1, 37, 12, 6, 5, 7, 2, 4, 13, 7, 13, 1, 6, 0, 0
72, CIVILIZATION_VALLETTA, 1, 7, 11, 6, 5, 0, 0, 0, 8, 6, 140, 30, 7, 5, 9, 2, 4, 24, 8, 13, 0, 6, 4, 0
72, CIVILIZATION_PRESLAV, 1, 8, 10, 4, 6, 0, 0, 0, 7, 5, 151, 0, 7, 3, 5, 0, 1, 22, 7, 11, 0, 8, 0, 0
72, CIVILIZATION_LISBON, 1, 5, 8, 6, 9, 0, 0, 0, 7, 4, 252, 5, 6, 5, 6, 1, 5, 13, 7, 13, 0, 5, 0, 0
72, CIVILIZATION_CARTHAGE, 1, 6, 9, 4, 5, 0, 0, 0, 7, 3, 293, 0, 5, 4, 4, 0, 2, 15, 7, 13, 0, 5, 0, 0
72, CIVILIZATION_KABUL, 1, 4, 8, 6, 9, 0, 0, 0, 7, 3, 162, 6, 5, 5, 7, 2, 4, 11, 7, 13, 0, 3, 0, 0
72, CIVILIZATION_AMSTERDAM, 1, 8, 8, 5, 6, 0, 0, 0, 7, 3, 141, 0, 7, 5, 8, 0, 2, 19, 7, 13, 1, 9, 0, 0
72, CIVILIZATION_PALENQUE, 1, 7, 11, 6, 3, 0, 0, 0, 8, 5, 160, 17, 9, 5, 7, 1, 4, 18, 8, 13, 1, 7, 0, 0
72, CIVILIZATION_STOCKHOLM, 1, 6, 9, 6, 6, 0, 0, 0, 7, 5, 200, 5, 11, 5, 10, 1, 6, 12, 7, 15, 1, 5, 5, 0
72, CIVILIZATION_ARMAGH, 1, 4, 8, 6, 6, 0, 0, 0, 9, 7, 138, 156, 5, 5, 9, 6, 7, 12, 9, 15, 1, 3, 0, 0
72, CIVILIZATION_KANDY, 1, 4, 9, 6, 8, 0, 0, 0, 8, 5, 193, 46, 5, 4, 15, 1, 3, 11, 8, 13, 1, 3, 0, 0
72, CIVILIZATION_KUMASI, 1, 2, 9, 6, 7, 0, 0, 0, 7, 3, 367, 14, 4, 4, 7, 2, 4, 5, 7, 13, 0, 1, 0, 0
72, CIVILIZATION_GRANADA, 1, 5, 9, 6, 8, 0, 0, 0, 7, 6, 161, 36, 6, 5, 9, 3, 5, 14, 7, 13, 0, 5, 5, 0
72, CIVILIZATION_BRUSSELS, 1, 5, 9, 7, 5, 0, 0, 0, 7, 3, 294, 0, 5, 5, 13, 0, 4, 13, 7, 13, 0, 5, 8, 0
73, CIVILIZATION_ROME, 2, 8, 10, 8, 3, 0, 0, 0, 23, 8, 285, 76, 8, 9, 34, 2, 19, 24, 23, 15, 2, 7, 3, 0
73, CIVILIZATION_CHINA, 2, 10, 9, 5, 8, 0, 0, 1, 22, 4, 160, 57, 15, 5, 19, 2, 22, 30, 22, 11, 2, 9, 0, 0
73, CIVILIZATION_JAPAN, 3, 14, 11, 7, 8, 0, 0, 0, 33, 12, 227, 303, 15, 9, 27, 10, 35, 45, 33, 15, 2, 13, 0, 3
73, CIVILIZATION_AMERICA, 2, 8, 10, 7, 3, 0, 0, 0, 25, 8, 60, 69, 13, 11, 9, 2, 25, 23, 25, 17, 2, 7, 0, 0
73, CIVILIZATION_SPAIN, 3, 7, 10, 5, 6, 0, 0, 2, 27, 5, 146, 159, 7, 3, 18, 4, 25, 21, 27, 13, 1, 6, 0, 0
73, CIVILIZATION_EGYPT, 4, 13, 8, 8, 7, 0, 0, 1, 36, 4, 44, 74, 12, 7, 14, 11, 23, 36, 36, 12, 1, 12, 0, 8
73, CIVILIZATION_KONGO, 2, 5, 8, 7, 3, 0, 0, 0, 22, 4, 137, 88, 10, 7, 7, 3, 16, 16, 22, 14, 1, 4, 0, 0
73, CIVILIZATION_AZTEC, 2, 5, 8, 4, 2, 0, 0, 0, 19, 0, 104, 7, 6, 2, 11, 0, 16, 11, 19, 10, 1, 4, 0, 0
73, CIVILIZATION_JAKARTA, 1, 5, 9, 5, 10, 0, 0, 0, 8, 1, 294, 26, 7, 4, 7, 0, 5, 12, 8, 13, 0, 5, 5, 0
73, CIVILIZATION_HATTUSA, 1, 5, 9, 6, 6, 0, 0, 0, 7, 4, 378, 4, 8, 4, 6, 1, 6, 11, 7, 15, 1, 5, 0, 0
73, CIVILIZATION_ZANZIBAR, 1, 4, 11, 5, 5, 0, 0, 0, 8, 5, 94, 0, 6, 4, 14, 0, 6, 9, 8, 15, 1, 3, 5, 0
73, CIVILIZATION_JERUSALEM, 1, 6, 8, 6, 6, 0, 0, 0, 7, 1, 40, 16, 6, 5, 7, 3, 4, 13, 7, 13, 1, 6, 0, 0
73, CIVILIZATION_VALLETTA, 1, 7, 11, 6, 5, 0, 0, 0, 8, 6, 145, 33, 7, 5, 9, 2, 4, 24, 8, 13, 0, 6, 4, 0
73, CIVILIZATION_PRESLAV, 1, 8, 11, 4, 6, 0, 0, 0, 7, 5, 153, 0, 7, 3, 5, 0, 1, 22, 7, 11, 0, 8, 0, 0
73, CIVILIZATION_LISBON, 1, 5, 9, 6, 9, 0, 0, 0, 7, 4, 254, 7, 6, 5, 6, 1, 5, 13, 7, 13, 0, 5, 0, 0
73, CIVILIZATION_CARTHAGE, 1, 6, 10, 4, 4, 0, 0, 0, 7, 3, 294, 0, 5, 4, 4, 0, 2, 15, 7, 13, 0, 5, 0, 0
73, CIVILIZATION_KABUL, 1, 4, 8, 6, 10, 0, 0, 0, 7, 3, 169, 8, 5, 5, 7, 2, 4, 11, 7, 13, 0, 3, 0, 0
73, CIVILIZATION_AMSTERDAM, 1, 8, 8, 5, 6, 0, 0, 0, 7, 3, 199, 0, 7, 5, 8, 0, 2, 19, 7, 13, 1, 9, 0, 0
73, CIVILIZATION_PALENQUE, 1, 7, 11, 6, 3, 0, 0, 0, 8, 5, 164, 19, 9, 5, 7, 1, 4, 18, 8, 13, 1, 7, 0, 0
73, CIVILIZATION_STOCKHOLM, 1, 6, 9, 6, 6, 0, 0, 0, 7, 5, 205, 7, 11, 5, 10, 1, 6, 12, 7, 15, 1, 5, 5, 0
73, CIVILIZATION_ARMAGH, 1, 4, 8, 6, 6, 0, 0, 0, 9, 7, 143, 162, 5, 5, 9, 6, 7, 12, 9, 15, 1, 3, 0, 0
73, CIVILIZATION_KANDY, 1, 4, 9, 6, 8, 0, 0, 0, 8, 5, 208, 48, 5, 4, 15, 1, 3, 11, 8, 13, 1, 3, 0, 0
73, CIVILIZATION_KUMASI, 1, 2, 9, 6, 7, 0, 0, 0, 7, 3, 374, 16, 4, 4, 7, 2, 4, 5, 7, 13, 0, 1, 0, 0
73, CIVILIZATION_GRANADA, 1, 5, 10, 6, 8, 0, 0, 0, 7, 6, 164, 39, 6, 5, 9, 3, 5, 14, 7, 13, 0, 5, 5, 0
73, CIVILIZATION_BRUSSELS, 1, 6, 9, 8, 5, 0, 0, 0, 7, 3, 307, 2, 7, 6, 15, 2, 4, 17, 7, 13, 0, 5, 8, 0
74, CIVILIZATION_ROME, 2, 8, 10, 8, 3, 0, 0, 0, 24, 8, 56, 78, 8, 9, 34, 2, 19, 25, 24, 16, 2, 7, 3, 0
74, CIVILIZATION_CHINA, 2, 10, 9, 5, 9, 0, 0, 1, 22, 4, 177, 59, 15, 5, 19, 2, 22, 30, 22, 11, 2, 9, 0, 0
74, CIVILIZATION_JAPAN, 3, 14, 11, 7, 8, 0, 0, 0, 33, 13, 249, 314, 15, 9, 27, 10, 36, 47, 33, 15, 2, 13, 3, 3
74, CIVILIZATION_AMERICA, 2, 8, 10, 7, 3, 0, 0, 0, 25, 8, 67, 71, 13, 11, 9, 2, 25, 23, 25, 17, 2, 7, 0, 0
74, CIVILIZATION_SPAIN, 3, 7, 10, 5, 6, 0, 0, 2, 27, 5, 154, 164, 7, 3, 18, 4, 25, 21, 27, 13, 1, 6, 0, 0
74, CIVILIZATION_EGYPT, 4, 13, 8, 8, 7, 0, 0, 1, 36, 4, 55, 85, 12, 7, 14, 11, 23, 36, 36, 12, 1, 12, 0, 8
74, CIVILIZATION_KONGO, 2, 5, 8, 7, 3, 0, 0, 0, 23, 4, 141, 92, 10, 7, 7, 3, 16, 16, 23, 14, 1, 4, 0, 0
74, CIVILIZATION_AZTEC, 2, 5, 9, 4, 2, 0, 0, 0, 19, 0, 108, 7, 6, 2, 11, 0, 16, 11, 19, 10, 1, 4, 0, 0
74, CIVILIZATION_JAKARTA, 1, 5, 9, 5, 11, 0, 0, 0, 8, 1, 299, 27, 5, 4, 4, 0, 5, 12, 8, 13, 0, 5, 0, 0
74, CIVILIZATION_HATTUSA, 1, 5, 10, 6, 6, 0, 0, 0, 7, 4, 382, 5, 10, 4, 6, 1, 6, 10, 7, 15, 1, 5, 0, 0
74, CIVILIZATION_ZANZIBAR, 1, 4, 11, 5, 5, 0, 0, 0, 8, 5, 109, 0, 6, 4, 14, 0, 6, 10, 8, 16, 1, 3, 5, 0
74, CIVILIZATION_JERUSALEM, 1, 6, 9, 6, 6, 0, 0, 0, 7, 1, 43, 19, 6, 5, 7, 3, 4, 13, 7, 13, 1, 6, 0, 0
74, CIVILIZATION_VALLETTA, 1, 7, 11, 6, 6, 0, 0, 0, 8, 6, 147, 36, 7, 5, 9, 2, 4, 24, 8, 13, 0, 6, 4, 0
74, CIVILIZATION_PRESLAV, 1, 8, 11, 4, 6, 0, 0, 0, 7, 5, 155, 0, 7, 3, 5, 0, 1, 22, 7, 11, 0, 8, 0, 0
74, CIVILIZATION_LISBON, 1, 5, 9, 6, 10, 0, 0, 0, 7, 4, 255, 9, 6, 5, 6, 1, 5, 13, 7, 13, 0, 5, 0, 0
74, CIVILIZATION_CARTHAGE, 1, 6, 10, 4, 4, 0, 0, 0, 7, 3, 346, 0, 5, 4, 4, 0, 2, 15, 7, 13, 0, 5, 0, 0
74, CIVILIZATION_KABUL, 1, 4, 9, 6, 10, 0, 0, 0, 7, 3, 176, 10, 5, 5, 7, 2, 4, 11, 7, 13, 0, 3, 0, 0
74, CIVILIZATION_AMSTERDAM, 1, 8, 8, 6, 6, 0, 0, 0, 7, 3, 207, 0, 7, 5, 8, 0, 2, 19, 7, 13, 1, 9, 0, 0
74, CIVILIZATION_PALENQUE, 1, 7, 11, 6, 3, 0, 0, 0, 8, 5, 167, 20, 9, 5, 7, 1, 4, 18, 8, 13, 1, 7, 0, 0
74, CIVILIZATION_STOCKHOLM, 1, 6, 10, 6, 6, 0, 0, 0, 7, 5, 259, 9, 11, 5, 10, 1, 6, 12, 7, 15, 1, 5, 5, 0
74, CIVILIZATION_ARMAGH, 1, 4, 9, 6, 6, 0, 0, 0, 9, 7, 148, 168, 5, 5, 9, 6, 7, 12, 9, 15, 1, 3, 0, 0
74, CIVILIZATION_KANDY, 1, 4, 9, 6, 8, 0, 0, 0, 8, 5, 223, 49, 5, 4, 15, 1, 3, 11, 8, 13, 1, 3, 0, 0
74, CIVILIZATION_KUMASI, 1, 2, 9, 6, 7, 0, 0, 0, 7, 3, 382, 18, 4, 4, 7, 2, 4, 5, 7, 13, 0, 1, 0, 0
74, CIVILIZATION_GRANADA, 1, 5, 10, 6, 9, 0, 0, 0, 7, 6, 167, 43, 6, 5, 9, 3, 5, 14, 7, 13, 0, 5, 5, 0
74, CIVILIZATION_BRUSSELS, 1, 6, 9, 8, 5, 0, 0, 0, 7, 3, 318, 4, 7, 6, 15, 2, 4, 17, 7, 13, 0, 5, 8, 0
75, CIVILIZATION_ROME, 2, 8, 10, 9, 3, 0, 0, 0, 24, 8, 87, 80, 8, 9, 34, 2, 19, 25, 24, 16, 2, 7, 3, 0
75, CIVILIZATION_CHINA, 2, 10, 9, 5, 9, 0, 0, 1, 22, 4, 193, 61, 15, 5, 19, 2, 22, 30, 22, 11, 2, 9, 0, 0
75, CIVILIZATION_JAPAN, 3, 14, 11, 7, 8, 0, 0, 0, 34, 13, 272, 324, 15, 9, 27, 10, 35, 48, 34, 15, 2, 13, 3, 3
75, CIVILIZATION_AMERICA, 2, 9, 10, 7, 3, 0, 0, 0, 25, 8, 75, 73, 15, 11, 9, 2, 28, 24, 25, 17, 2, 8, 0, 0
75, CIVILIZATION_SPAIN, 3, 7, 10, 5, 6, 0, 0, 2, 28, 5, 111, 168, 7, 3, 18, 4, 25, 21, 28, 13, 1, 6, 0, 0
75, CIVILIZATION_EGYPT, 4, 14, 8, 8, 7, 0, 0, 1, 36, 4, 67, 98, 12, 7, 14, 12, 24, 37, 36, 12, 1, 13, 0, 8
75, CIVILIZATION_KONGO, 2, 5, 8, 7, 3, 0, 0, 0, 23, 4, 146, 95, 11, 7, 7, 3, 16, 16, 23, 15, 1, 4, 0, 0
75, CIVILIZATION_AZTEC, 2, 5, 9, 4, 2, 0, 0, 0, 19, 0, 112, 7, 6, 2, 11, 0, 16, 11, 19, 10, 1, 4, 0, 0
75, CIVILIZATION_JAKARTA, 1, 5, 9, 5, 11, 0, 0, 0, 8, 1, 306, 28, 5, 4, 7, 0, 5, 12, 8, 13, 0, 5, 3, 0
75, CIVILIZATION_HATTUSA, 1, 5, 10, 6, 6, 0, 0, 0, 7, 4, 386, 6, 8, 4, 6, 1, 6, 11, 7, 15, 1, 5, 0, 0
75, CIVILIZATION_ZANZIBAR, 1, 4, 11, 5, 5, 0, 0, 0, 8, 6, 124, 0, 6, 4, 14, 0, 6, 10, 8, 16, 1, 3, 5, 0
75, CIVILIZATION_JERUSALEM, 1, 6, 9, 6, 6, 0, 0, 0, 7, 1, 46, 23, 6, 5, 7, 3, 4, 13, 7, 13, 1, 6, 0, 0
75, CIVILIZATION_VALLETTA, 1, 7, 11, 6, 6, 0, 0, 0, 8, 6, 150, 38, 7, 5, 9, 2, 4, 24, 8, 13, 0, 6, 4, 0
75, CIVILIZATION_PRESLAV, 1, 8, 11, 4, 6, 0, 0, 0, 7, 5, 156, 0, 7, 3, 5, 0, 1, 22, 7, 11, 0, 8, 0, 0
75, CIVILIZATION_LISBON, 1, 5, 9, 6, 10, 0, 0, 0, 7, 4, 255, 11, 6, 5, 6, 1, 5, 13, 7, 13, 0, 5, 0, 0
75, CIVILIZATION_CARTHAGE, 1, 7, 10, 4, 4, 0, 0, 0, 7, 3, 348, 0, 6, 4, 5, 0, 2, 15, 7, 13, 0, 7, 0, 0
75, CIVILIZATION_KABUL, 1, 4, 10, 6, 10, 0, 0, 0, 7, 3, 183, 12, 5, 5, 7, 2, 4, 11, 7, 13, 0, 3, 0, 0
75, CIVILIZATION_AMSTERDAM, 1, 8, 8, 7, 6, 0, 0, 0, 7, 3, 215, 0, 8, 6, 9, 0, 2, 20, 7, 13, 1, 9, 0, 0
75, CIVILIZATION_PALENQUE, 1, 7, 11, 6, 3, 0, 0, 0, 8, 5, 171, 22, 9, 5, 7, 1, 4, 18, 8, 13, 1, 7, 0, 0
75, CIVILIZATION_STOCKHOLM, 1, 6, 10, 6, 6, 0, 0, 0, 7, 5, 264, 11, 11, 5, 10, 1, 6, 12, 7, 15, 1, 5, 5, 0
75, CIVILIZATION_ARMAGH, 1, 4, 10, 6, 6, 0, 0, 0, 9, 7, 153, 174, 5, 5, 9, 6, 7, 12, 9, 15, 1, 3, 0, 0
75, CIVILIZATION_KANDY, 1, 4, 10, 6, 8, 0, 0, 0, 9, 5, 237, 51, 4, 4, 15, 1, 3, 11, 9, 13, 1, 3, 0, 0
75, CIVILIZATION_KUMASI, 1, 2, 9, 6, 7, 0, 0, 0, 7, 3, 389, 20, 4, 4, 7, 2, 4, 5, 7, 13, 0, 1, 0, 0
75, CIVILIZATION_GRANADA, 1, 5, 10, 6, 9, 0, 0, 0, 7, 6, 169, 47, 6, 5, 9, 3, 5, 14, 7, 13, 0, 5, 5, 0
75, CIVILIZATION_BRUSSELS, 1, 6, 10, 8, 5, 0, 0, 0, 7, 3, 329, 6, 7, 6, 15, 2, 4, 17, 7, 13, 0, 5, 8, 0
76, CIVILIZATION_ROME, 2, 8, 10, 9, 3, 0, 0, 0, 24, 9, 118, 82, 8, 9, 34, 2, 19, 25, 24, 16, 2, 7, 3, 0
76, CIVILIZATION_CHINA, 2, 10, 10, 5, 9, 0, 0, 1, 22, 4, 185, 64, 15, 5, 19, 2, 22, 30, 22, 11, 2, 9, 0, 0
76, CIVILIZATION_JAPAN, 3, 15, 11, 7, 9, 0, 0, 0, 34, 13, 292, 334, 15, 9, 26, 9, 28, 50, 34, 15, 2, 14, 3, 3
76, CIVILIZATION_AMERICA, 2, 9, 10, 7, 3, 0, 0, 0, 25, 8, 82, 76, 15, 11, 9, 2, 28, 26, 25, 19, 2, 8, 0, 0
76, CIVILIZATION_SPAIN, 3, 7, 10, 5, 6, 0, 0, 2, 28, 5, 119, 173, 7, 3, 18, 4, 25, 21, 28, 13, 1, 6, 0, 0
76, CIVILIZATION_EGYPT, 4, 14, 9, 9, 8, 0, 0, 1, 36, 4, 78, 109, 12, 7, 13, 11, 22, 37, 36, 12, 1, 13, 0, 8
76, CIVILIZATION_KONGO, 2, 5, 8, 7, 3, 0, 0, 0, 23, 4, 150, 98, 11, 7, 7, 3, 16, 16, 23, 15, 1, 4, 0, 0
76, CIVILIZATION_AZTEC, 2, 5, 9, 4, 2, 0, 0, 0, 19, 0, 116, 7, 6, 2, 11, 0, 16, 11, 19, 10, 1, 4, 0, 0
76, CIVILIZATION_JAKARTA, 1, 5, 9, 6, 11, 0, 0, 0, 8, 1, 314, 29, 5, 4, 7, 0, 5, 12, 8, 13, 0, 5, 3, 0
76, CIVILIZATION_HATTUSA, 1, 5, 10, 7, 6, 0, 0, 0, 7, 4, 390, 7, 9, 4, 6, 1, 6, 10, 7, 15, 1, 5, 0, 0
76, CIVILIZATION_ZANZIBAR, 1, 4, 11, 6, 5, 0, 0, 0, 8, 6, 138, 0, 6, 4, 14, 0, 6, 10, 8, 16, 1, 3, 5, 0
76, CIVILIZATION_JERUSALEM, 1, 6, 9, 6, 6, 0, 0, 0, 7, 1, 50, 26, 6, 5, 7, 3, 4, 13, 7, 13, 1, 6, 0, 0
76, CIVILIZATION_VALLETTA, 1, 7, 11, 6, 6, 0, 0, 0, 8, 6, 152, 41, 7, 5, 9, 2, 4, 24, 8, 13, 0, 6, 4, 0
76, CIVILIZATION_PRESLAV, 1, 8, 11, 4, 6, 0, 0, 0, 7, 5, 158, 0, 7, 3, 5, 0, 1, 22, 7, 11, 0, 8, 0, 0
76, CIVILIZATION_LISBON, 1, 5, 9, 7, 10, 0, 0, 0, 7, 4, 256, 13, 6, 5, 6, 1, 5, 13, 7, 13, 0, 5, 0, 0
76, CIVILIZATION_CARTHAGE, 1, 7, 10, 4, 5, 0, 0, 0, 7, 3, 349, 0, 6, 4, 5, 0, 2, 15, 7, 13, 0, 7, 0, 0
76, CIVILIZATION_KABUL, 1, 5, 10, 7, 10, 0, 0, 0, 7, 3, 190, 13, 6, 5, 6, 1, 4, 12, 7, 13, 0, 5, 0, 0
76, CIVILIZATION_AMSTERDAM, 1, 8, 8, 7, 6, 0, 0, 0, 7, 3, 220, 1, 8, 6, 9, 0, 2, 20, 7, 13, 1, 9, 0, 0
76, CIVILIZATION_PALENQUE, 1, 7, 11, 7, 3, 0, 0, 0, 8, 5, 174, 24, 9, 5, 7, 1, 4, 18, 8, 13, 1, 7, 0, 0
76, CIVILIZATION_STOCKHOLM, 1, 6, 10, 6, 6, 0, 0, 0, 7, 5, 268, 13, 11, 5, 10, 1, 6, 12, 7, 15, 1, 5, 5, 0
76, CIVILIZATION_ARMAGH, 1, 4, 10, 7, 6, 0, 0, 0, 9, 7, 158, 180, 5, 5, 9, 6, 7, 12, 9, 15, 1, 3, 0, 0
76, CIVILIZATION_KANDY, 1, 4, 10, 6, 8, 0, 0, 0, 9, 5, 251, 52, 4, 4, 15, 1, 3, 11, 9, 13, 1, 3, 0, 0
76, CIVILIZATION_KUMASI, 1, 2, 9, 7, 8, 0, 0, 0, 7, 3, 396, 23, 4, 4, 7, 2, 4, 5, 7, 13, 0, 1, 0, 0
76, CIVILIZATION_GRANADA, 1, 6, 10, 6, 9, 0, 0, 0, 7, 6, 172, 51, 6, 5, 9, 3, 6, 16, 7, 13, 0, 5, 5, 0
76, CIVILIZATION_BRUSSELS, 1, 6, 10, 8, 5, 0, 0, 0, 7, 3, 340, 8, 7, 6, 15, 2, 4, 16, 7, 13, 0, 5, 8, 0
77, CIVILIZATION_ROME, 2, 8, 10, 9, 3, 0, 0, 0, 24, 9, 149, 85, 9, 9, 34, 2, 19, 25, 24, 16, 2, 7, 3, 0
77, CIVILIZATION_CHINA, 2, 11, 10, 5, 9, 0, 0, 1, 23, 4, 201, 66, 16, 5, 19, 2, 24, 31, 23, 11, 2, 10, 0, 0
77, CIVILIZATION_JAPAN, 3, 15, 11, 7, 9, 0, 0, 0, 34, 13, 313, 343, 15, 9, 26, 9, 28, 50, 34, 15, 2, 14, 3, 3
77, CIVILIZATION_AMERICA, 2, 9, 10, 7, 3, 0, 0, 0, 25, 8, 94, 78, 15, 11, 14, 2, 28, 26, 25, 19, 2, 8, 0, 0
77, CIVILIZATION_SPAIN, 3, 7, 10, 5, 6, 0, 0, 2, 28, 5, 126, 177, 7, 3, 18, 4, 25, 21, 28, 13, 1, 6, 0, 0
77, CIVILIZATION_EGYPT, 4, 14, 9, 9, 8, 0, 0, 1, 37, 4, 90, 120, 12, 10, 13, 11, 22, 37, 37, 14, 1, 13, 0, 8
77, CIVILIZATION_KONGO, 2, 5, 8, 7, 4, 0, 0, 0, 23, 4, 154, 102, 11, 7, 7, 3, 16, 16, 23, 15, 1, 4, 0, 0
77, CIVILIZATION_AZTEC, 2, 5, 9, 4, 2, 0, 0, 0, 19, 0, 121, 7, 6, 2, 11, 0, 16, 11, 19, 10, 1, 4, 0, 0
77, CIVILIZATION_JAKARTA, 1, 5, 9, 7, 11, 0, 0, 0, 8, 1, 322, 32, 6, 5, 9, 2, 5, 13, 8, 13, 0, 5, 3, 0
77, CIVILIZATION_HATTUSA, 1, 5, 10, 7, 6, 0, 0, 0, 7, 4, 394, 8, 7, 4, 6, 1, 6, 11, 7, 15, 1, 5, 0, 0
77, CIVILIZATION_ZANZIBAR, 1, 4, 11, 7, 5, 0, 0, 0, 8, 6, 153, 1, 7, 5, 17, 1, 6, 11, 8, 16, 1, 3, 7, 0
77, CIVILIZATION_JERUSALEM, 1, 6, 9, 6, 6, 0, 0, 0, 7, 1, 53, 30, 6, 5, 7, 3, 4, 13, 7, 13, 1, 6, 0, 0
77, CIVILIZATION_VALLETTA, 1, 7, 11, 6, 6, 0, 0, 0, 8, 6, 155, 44, 7, 5, 9, 2, 4, 24, 8, 13, 0, 6, 4, 0
77, CIVILIZATION_PRESLAV, 1, 8, 11, 4, 6, 0, 0, 0, 7, 6, 160, 0, 7, 3, 5, 0, 1, 23, 7, 11, 0, 8, 0, 0
77, CIVILIZATION_LISBON, 1, 5, 9, 7, 10, 0, 0, 0, 7, 4, 257, 15, 6, 5, 6, 1, 5, 13, 7, 13, 0, 5, 0, 0
77, CIVILIZATION_CARTHAGE, 1, 7, 10, 4, 5, 0, 0, 0, 7, 3, 351, 0, 6, 4, 5, 0, 2, 15, 7, 13, 0, 7, 0, 0
77, CIVILIZATION_KABUL, 1, 5, 10, 7, 10, 0, 0, 0, 7, 3, 196, 15, 6, 5, 6, 1, 4, 12, 7, 13, 0, 5, 0, 0
77, CIVILIZATION_AMSTERDAM, 1, 8, 9, 7, 6, 0, 0, 0, 7, 3, 224, 2, 8, 6, 9, 0, 2, 20, 7, 13, 1, 9, 0, 0
77, CIVILIZATION_PALENQUE, 1, 7, 11, 7, 3, 0, 0, 0, 8, 5, 178, 26, 9, 5, 7, 1, 4, 18, 8, 13, 1, 7, 0, 0
77, CIVILIZATION_STOCKHOLM, 1, 6, 10, 6, 6, 0, 0, 0, 7, 5, 273, 15, 11, 5, 10, 1, 6, 12, 7, 15, 1, 5, 5, 0
77, CIVILIZATION_ARMAGH, 1, 4, 10, 7, 6, 0, 0, 0, 9, 7, 163, 186, 5, 5, 9, 6, 7, 12, 9, 15, 1, 3, 0, 0
77, CIVILIZATION_KANDY, 1, 4, 10, 6, 8, 0, 0, 0, 9, 5, 35, 54, 4, 4, 15, 1, 3, 11, 9, 13, 1, 3, 0, 0
77, CIVILIZATION_KUMASI, 1, 2, 9, 7, 8, 0, 0, 0, 7, 3, 404, 25, 4, 4, 7, 2, 4, 5, 7, 13, 0, 1, 0, 0
77, CIVILIZATION_GRANADA, 1, 6, 10, 6, 10, 0, 0, 0, 7, 6, 173, 55, 6, 5, 9, 3, 6, 16, 7, 13, 0, 5, 5, 0
77, CIVILIZATION_BRUSSELS, 1, 6, 10, 8, 5, 0, 0, 0, 7, 4, 351, 10, 7, 6, 15, 2, 4, 17, 7, 13, 0, 5, 8, 0
78, CIVILIZATION_ROME, 2, 9, 11, 9, 3, 0, 0, 0, 24, 9, 182, 87, 9, 10, 36, 2, 22, 26, 24, 16, 3, 8, 3, 0
78, CIVILIZATION_CHINA, 2, 11, 10, 5, 9, 0, 0, 1, 23, 4, 217, 68, 16, 5, 19, 2, 24, 31, 23, 11, 2, 10, 0, 0
78, CIVILIZATION_JAPAN, 3, 14, 11, 7, 9, 0, 0, 0, 34, 14, 333, 353, 15, 9, 26, 9, 28, 47, 34, 15, 2, 13, 3, 3
78, CIVILIZATION_AMERICA, 2, 9, 10, 7, 3, 0, 0, 0, 25, 8, 106, 80, 15, 11, 14, 2, 28, 26, 25, 19, 2, 8, 0, 0
78, CIVILIZATION_SPAIN, 3, 7, 10, 5, 6, 0, 0, 2, 28, 5, 134, 182, 7, 3, 18, 4, 25, 21, 28, 13, 1, 6, 0, 0
78, CIVILIZATION_EGYPT, 4, 14, 9, 9, 8, 0, 0, 1, 39, 5, 151, 130, 12, 10, 13, 10, 23, 38, 39, 14, 1, 13, 0, 8
78, CIVILIZATION_KONGO, 2, 5, 9, 7, 4, 0, 0, 0, 23, 4, 157, 105, 11, 7, 7, 3, 16, 16, 23, 15, 1, 4, 0, 0
78, CIVILIZATION_AZTEC, 2, 5, 9, 4, 2, 0, 0, 0, 19, 0, 125, 7, 6, 2, 11, 0, 16, 11, 19, 10, 1, 4, 0, 0
78, CIVILIZATION_JAKARTA, 1, 5, 9, 7, 11, 0, 0, 0, 8, 1, 323, 35, 6, 5, 9, 2, 5, 13, 8, 13, 0, 5, 3, 0
78, CIVILIZATION_HATTUSA, 1, 5, 10, 7, 6, 0, 0, 0, 7, 4, 398, 9, 9, 4, 6, 1, 6, 10, 7, 15, 1, 5, 0, 0
78, CIVILIZATION_ZANZIBAR, 1, 4, 11, 7, 5, 0, 0, 0, 8, 6, 168, 2, 7, 5, 17, 1, 6, 11, 8, 16, 1, 3, 7, 0
78, CIVILIZATION_JERUSALEM, 1, 6, 9, 6, 6, 0, 0, 0, 7, 1, 56, 33, 6, 5, 7, 3, 4, 13, 7, 13, 1, 6, 0, 0
78, CIVILIZATION_VALLETTA, 1, 7, 11, 6, 6, 0, 0, 0, 8, 6, 157, 47, 7, 5, 9, 2, 4, 24, 8, 13, 0, 6, 4, 0
78, CIVILIZATION_PRESLAV, 1, 8, 11, 4, 6, 0, 0, 0, 7, 6, 161, 0, 7, 3, 5, 0, 1, 23, 7, 11, 0, 8, 0, 0
78, CIVILIZATION_LISBON, 1, 5, 9, 7, 10, 0, 0, 0, 7, 4, 257, 17, 6, 5, 6, 1, 5, 13, 7, 13, 0, 5, 0, 0
78, CIVILIZATION_CARTHAGE, 1, 7, 10, 4, 5, 0, 0, 0, 7, 3, 352, 0, 6, 4, 5, 0, 2, 15, 7, 13, 0, 7, 0, 0
78, CIVILIZATION_KABUL, 1, 5, 10, 7, 10, 0, 0, 0, 7, 3, 203, 17, 6, 5, 6, 1, 4, 12, 7, 13, 0, 5, 0, 0
78, CIVILIZATION_AMSTERDAM, 1, 8, 10, 7, 6, 0, 0, 0, 7, 3, 228, 3, 8, 6, 9, 0, 2, 20, 7, 13, 1, 9, 0, 0
78, CIVILIZATION_PALENQUE, 1, 7, 11, 7, 4, 0, 0, 0, 8, 5, 180, 28, 9, 5, 7, 1, 4, 18, 8, 13, 1, 7, 0, 0
78, CIVILIZATION_STOCKHOLM, 1, 6, 10, 6, 6, 0, 0, 0, 7, 5, 277, 17, 11, 5, 10, 1, 6, 12, 7, 15, 1, 5, 5, 0
78, CIVILIZATION_ARMAGH, 1, 5, 10, 7, 6, 0, 0, 0, 9, 7, 167, 192, 6, 5, 8, 5, 6, 14, 9, 15, 1, 5, 0, 0
78, CIVILIZATION_KANDY, 1, 4, 10, 6, 8, 0, 0, 0, 9, 5, 49, 55, 4, 4, 15, 1, 3, 11, 9, 13, 1, 3, 0, 0
78, CIVILIZATION_KUMASI, 1, 2, 9, 7, 8, 0, 0, 0, 7, 3, 411, 27, 4, 4, 7, 2, 4, 5, 7, 13, 0, 1, 0, 0
78, CIVILIZATION_GRANADA, 1, 6, 10, 6, 10, 0, 0, 0, 7, 6, 175, 58, 6, 5, 9, 3, 6, 16, 7, 13, 0, 5, 5, 0
78, CIVILIZATION_BRUSSELS, 1, 6, 10, 8, 5, 0, 0, 0, 7, 4, 362, 12, 7, 6, 15, 2, 4, 17, 7, 13, 0, 5, 8, 0
79, CIVILIZATION_ROME, 2, 10, 11, 9, 3, 0, 0, 0, 24, 9, 215, 89, 10, 10, 36, 2, 23, 29, 24, 16, 3, 9, 3, 0
79, CIVILIZATION_CHINA, 2, 11, 10, 5, 9, 0, 0, 1, 23, 4, 233, 70, 16, 5, 19, 2, 24, 31, 23, 11, 2, 10, 0, 0
79, CIVILIZATION_JAPAN, 3, 15, 12, 7, 9, 0, 0, 0, 35, 14, 234, 363, 15, 9, 26, 9, 29, 50, 35, 15, 2, 14, 3, 3
79, CIVILIZATION_AMERICA, 2, 9, 10, 7, 3, 0, 0, 0, 25, 8, 119, 83, 15, 11, 14, 2, 28, 26, 25, 19, 2, 8, 0, 0
79, CIVILIZATION_SPAIN, 3, 7, 10, 5, 5, 0, 0, 2, 28, 5, 167, 186, 7, 3, 19, 4, 25, 21, 28, 13, 1, 6, 0, 0
79, CIVILIZATION_EGYPT, 4, 14, 9, 9, 8, 0, 0, 1, 39, 5, 163, 141, 12, 10, 13, 10, 22, 40, 39, 14, 1, 13, 0, 8
79, CIVILIZATION_KONGO, 2, 5, 10, 7, 4, 0, 0, 0, 23, 5, 161, 108, 11, 7, 7, 3, 17, 16, 23, 15, 1, 4, 0, 0
79, CIVILIZATION_AZTEC, 2, 5, 9, 4, 2, 0, 0, 0, 20, 0, 128, 7, 7, 2, 11, 0, 16, 11, 20, 10, 2, 4, 0, 0
79, CIVILIZATION_JAKARTA, 1, 5, 9, 7, 11, 0, 0, 0, 8, 1, 325, 37, 6, 5, 9, 2, 5, 13, 8, 13, 0, 5, 3, 0
79, CIVILIZATION_HATTUSA, 1, 5, 10, 7, 6, 0, 0, 0, 8, 4, 402, 10, 7, 4, 6, 1, 7, 11, 8, 15, 1, 5, 0, 0
79, CIVILIZATION_ZANZIBAR, 1, 4, 11, 7, 5, 0, 0, 0, 8, 6, 183, 3, 7, 5, 17, 1, 6, 11, 8, 16, 1, 3, 7, 0
79, CIVILIZATION_JERUSALEM, 1, 6, 9, 6, 6, 0, 0, 0, 7, 1, 59, 36, 6, 5, 7, 3, 4, 13, 7, 13, 1, 6, 0, 0
79, CIVILIZATION_VALLETTA, 1, 7, 11, 6, 6, 0, 0, 0, 8, 6, 160, 50, 7, 5, 9, 2, 4, 24, 8, 13, 0, 6, 4, 0
79, CIVILIZATION_PRESLAV, 1, 8, 11, 4, 6, 0, 0, 0, 7, 6, 163, 0, 7, 3, 5, 0, 1, 23, 7, 11, 0, 8, 0, 0
79, CIVILIZATION_LISBON, 1, 5, 9, 7, 10, 0, 0, 0, 7, 4, 258, 19, 6, 5, 6, 1, 5, 13, 7, 13, 0, 5, 0, 0
79, CIVILIZATION_CARTHAGE, 1, 7, 10, 4, 5, 0, 0, 0, 7, 3, 353, 0, 6, 4, 5, 0, 2, 15, 7, 13, 0, 7, 0, 0
79, CIVILIZATION_KABUL, 1, 5, 10, 7, 10, 0, 0, 0, 7, 3, 210, 19, 6, 5, 6, 1, 4, 12, 7, 13, 0, 5, 0, 0
79, CIVILIZATION_AMSTERDAM, 1, 8, 11, 7, 6, 0, 0, 0, 7, 3, 232, 4, 8, 6, 9, 0, 2, 20, 7, 13, 1, 9, 0, 0
79, CIVILIZATION_PALENQUE, 1, 7, 11, 7, 4, 0, 0, 0, 8, 5, 181, 30, 9, 5, 7, 1, 4, 18, 8, 13, 1, 7, 0, 0
79, CIVILIZATION_STOCKHOLM, 1, 6, 10, 6, 6, 0, 0, 0, 7, 5, 282, 19, 12, 5, 10, 1, 6, 12, 7, 15, 1, 5, 5, 0
79, CIVILIZATION_ARMAGH, 1, 5, 10, 7, 6, 0, 0, 0, 9, 7, 172, 198, 6, 5, 8, 5, 6, 14, 9, 15, 1, 5, 0, 0
79, CIVILIZATION_KANDY, 1, 4, 11, 6, 8, 0, 0, 0, 9, 5, 63, 57, 4, 4, 15, 1, 3, 11, 9, 13, 1, 3, 0, 0
79, CIVILIZATION_KUMASI, 1, 2, 9, 7, 8, 0, 0, 0, 7, 3, 418, 29, 4, 4, 7, 2, 4, 5, 7, 13, 0, 1, 0, 0
79, CIVILIZATION_GRANADA, 1, 6, 10, 6, 10, 0, 0, 0, 7, 6, 176, 62, 6, 5, 9, 3, 6, 16, 7, 13, 0, 5, 5, 0
79, CIVILIZATION_BRUSSELS, 1, 6, 10, 8, 5, 0, 0, 0, 7, 4, 143, 14, 7, 6, 15, 2, 4, 17, 7, 13, 0, 5, 8, 0
80, CIVILIZATION_ROME, 2, 10, 11, 9, 3, 0, 0, 0, 24, 9, 222, 91, 10, 10, 36, 2, 23, 29, 24, 16, 3, 9, 3, 0
80, CIVILIZATION_CHINA, 2, 11, 10, 5, 9, 0, 0, 1, 24, 4, 249, 72, 16, 5, 19, 2, 24, 31, 24, 11, 2, 10, 0, 0
80, CIVILIZATION_JAPAN, 3, 15, 12, 7, 9, 0, 0, 0, 35, 14, 254, 373, 15, 9, 26, 9, 29, 50, 35, 15, 2, 14, 3, 3
80, CIVILIZATION_AMERICA, 2, 9, 10, 7, 3, 0, 0, 0, 25, 8, 131, 85, 15, 11, 14, 2, 28, 26, 25, 19, 2, 8, 0, 0
80, CIVILIZATION_SPAIN, 3, 7, 11, 6, 4, 0, 0, 2, 28, 5, 176, 191, 7, 3, 19, 4, 25, 21, 28, 13, 1, 6, 0, 0
80, CIVILIZATION_EGYPT, 4, 15, 9, 9, 8, 0, 0, 1, 40, 5, 174, 150, 13, 10, 13, 9, 24, 44, 40, 14, 1, 14, 0, 8
80, CIVILIZATION_KONGO, 2, 6, 10, 7, 5, 0, 0, 0, 23, 5, 164, 112, 12, 7, 7, 3, 14, 19, 23, 15, 1, 5, 0, 0
80, CIVILIZATION_AZTEC, 2, 5, 9, 4, 2, 0, 0, 0, 20, 0, 131, 7, 7, 2, 11, 0, 16, 11, 20, 10, 2, 4, 0, 0
80, CIVILIZATION_JAKARTA, 1, 5, 9, 7, 11, 0, 0, 0, 8, 1, 326, 40, 6, 5, 9, 2, 5, 13, 8, 13, 0, 5, 3, 0
80, CIVILIZATION_HATTUSA, 1, 5, 10, 7, 6, 0, 0, 0, 8, 4, 406, 11, 7, 4, 6, 1, 7, 11, 8, 15, 1, 5, 0, 0
80, CIVILIZATION_ZANZIBAR, 1, 4, 11, 7, 5, 0, 0, 0, 8, 6, 198, 4, 7, 5, 17, 1, 6, 11, 8, 16, 1, 3, 7, 0
80, CIVILIZATION_JERUSALEM, 1, 6, 9, 6, 6, 0, 0, 0, 8, 1, 62, 40, 6, 5, 6, 3, 4, 16, 8, 13, 1, 5, 0, 0
80, CIVILIZATION_VALLETTA, 1, 7, 11, 6, 6, 0, 0, 0, 8, 7, 162, 53, 7, 5, 9, 2, 4, 24, 8, 13, 0, 6, 5, 0
80, CIVILIZATION_PRESLAV, 1, 8, 11, 4, 6, 0, 0, 0, 7, 6, 165, 0, 7, 3, 5, 0, 1, 23, 7, 11, 0, 8, 0, 0
80, CIVILIZATION_LISBON, 1, 5, 9, 7, 10, 0, 0, 0, 7, 4, 259, 20, 6, 5, 6, 1, 5, 13, 7, 13, 0, 5, 0, 0
80, CIVILIZATION_CARTHAGE, 1, 7, 10, 4, 5, 0, 0, 0, 7, 3, 354, 0, 6, 4, 5, 0, 2, 15, 7, 13, 0, 7, 0, 0
80, CIVILIZATION_KABUL, 1, 5, 10, 7, 10, 0, 0, 0, 7, 3, 216, 21, 6, 5, 6, 1, 4, 12, 7, 13, 0, 5, 0, 0
80, CIVILIZATION_AMSTERDAM, 1, 8, 12, 7, 6, 0, 0, 0, 7, 3, 236, 5, 8, 6, 9, 0, 2, 20, 7, 13, 1, 9, 0, 0
80, CIVILIZATION_PALENQUE, 1, 7, 11, 7, 4, 0, 0, 0, 8, 5, 183, 32, 9, 5, 7, 1, 4, 18, 8, 13, 1, 7, 0, 0
80, CIVILIZATION_STOCKHOLM, 1, 6, 11, 6, 6, 0, 0, 0, 7, 5, 286, 20, 11, 5, 10, 1, 6, 12, 7, 15, 1, 5, 5, 0
80, CIVILIZATION_ARMAGH, 1, 5, 10, 7, 6, 0, 0, 0, 9, 7, 176, 204, 6, 5, 8, 5, 6, 14, 9, 15, 1, 5, 0, 0
80, CIVILIZATION_KANDY, 1, 4, 11, 6, 8, 0, 0, 0, 9, 6, 77, 58, 4, 4, 15, 1, 3, 11, 9, 13, 1, 3, 0, 0
80, CIVILIZATION_KUMASI, 1, 2, 9, 7, 9, 0, 0, 0, 7, 3, 426, 31, 4, 4, 7, 2, 4, 5, 7, 13, 0, 1, 0, 0
80, CIVILIZATION_GRANADA, 1, 6, 10, 6, 10, 0, 0, 0, 7, 6, 178, 66, 6, 5, 9, 3, 6, 16, 7, 13, 0, 5, 5, 0
80, CIVILIZATION_BRUSSELS, 1, 7, 10, 8, 5, 0, 0, 0, 7, 4, 154, 15, 7, 6, 14, 1, 4, 17, 7, 15, 0, 7, 8, 0
81, CIVILIZATION_ROME, 2, 10, 11, 9, 3, 0, 0, 0, 25, 9, 255, 93, 10, 10, 36, 2, 23, 29, 25, 16, 3, 9, 3, 0
81, CIVILIZATION_CHINA, 2, 11, 10, 6, 11, 0, 0, 1, 24, 4, 105, 75, 16, 5, 19, 2, 24, 31, 24, 11, 2, 10, 0, 0
81, CIVILIZATION_JAPAN, 3, 15, 12, 7, 9, 0, 0, 0, 35, 14, 274, 384, 15, 9, 26, 10, 30, 50, 35, 15, 3, 14, 4, 3
81, CIVILIZATION_AMERICA, 2, 9, 10, 7, 3, 0, 0, 0, 25, 8, 143, 87, 15, 11, 14, 2, 28, 26, 25, 19, 2, 8, 0, 0
81, CIVILIZATION_SPAIN, 3, 8, 11, 6, 4, 0, 0, 2, 28, 5, 187, 195, 8, 3, 22, 4, 28, 22, 28, 13, 2, 7, 0, 0
81, CIVILIZATION_EGYPT, 4, 15, 9, 9, 8, 0, 0, 1, 40, 5, 185, 160, 13, 10, 13, 9, 24, 44, 40, 14, 1, 14, 0, 8
81, CIVILIZATION_KONGO, 2, 6, 10, 7, 5, 0, 0, 0, 23, 5, 168, 115, 12, 7, 7, 3, 14, 19, 23, 15, 1, 5, 0, 0
81, CIVILIZATION_AZTEC, 2, 5, 9, 4, 3, 0, 0, 0, 20, 0, 135, 7, 7, 2, 11, 0, 16, 11, 20, 10, 2, 4, 0, 0
81, CIVILIZATION_JAKARTA, 1, 5, 9, 7, 11, 0, 0, 0, 8, 1, 328, 43, 6, 5, 9, 2, 5, 13, 8, 13, 0, 5, 3, 0
81, CIVILIZATION_HATTUSA, 1, 5, 10, 7, 6, 0, 0, 0, 8, 4, 180, 12, 7, 4, 6, 1, 7, 11, 8, 15, 1, 5, 0, 0
81, CIVILIZATION_ZANZIBAR, 1, 4, 11, 7, 5, 0, 0, 0, 8, 6, 213, 5, 7, 5, 17, 1, 6, 11, 8, 16, 1, 3, 7, 0
81, CIVILIZATION_JERUSALEM, 1, 6, 9, 6, 6, 0, 0, 0, 8, 1, 64, 43, 6, 5, 6, 3, 4, 16, 8, 13, 1, 5, 0, 0
81, CIVILIZATION_VALLETTA, 1, 7, 11, 6, 6, 0, 0, 0, 8, 7, 165, 56, 7, 5, 9, 2, 4, 24, 8, 13, 0, 6, 5, 0
81, CIVILIZATION_PRESLAV, 1, 8, 11, 4, 6, 0, 0, 0, 7, 6, 166, 0, 7, 3, 5, 0, 1, 23, 7, 11, 0, 8, 0, 0
81, CIVILIZATION_LISBON, 1, 5, 9, 7, 10, 0, 0, 0, 7, 4, 259, 22, 6, 5, 6, 1, 5, 13, 7, 13, 0, 5, 0, 0
81, CIVILIZATION_CARTHAGE, 1, 7, 10, 4, 5, 0, 0, 0, 7, 3, 356, 0, 6, 4, 5, 0, 2, 15, 7, 13, 0, 7, 0, 0
81, CIVILIZATION_KABUL, 1, 5, 10, 7, 10, 0, 0, 0, 7, 3, 223, 23, 6, 5, 6, 1, 4, 12, 7, 13, 0, 5, 0, 0
81, CIVILIZATION_AMSTERDAM, 1, 8, 12, 7, 6, 0, 0, 0, 7, 3, 240, 6, 8, 6, 9, 0, 2, 20, 7, 13, 1, 9, 0, 0
81, CIVILIZATION_PALENQUE, 1, 7, 11, 7, 4, 0, 0, 0, 8, 5, 184, 34, 9, 5, 7, 1, 4, 18, 8, 13, 1, 7, 0, 0
81, CIVILIZATION_STOCKHOLM, 1, 6, 12, 6, 6, 0, 0, 0, 7, 5, 291, 22, 11, 5, 10, 1, 6, 12, 7, 15, 1, 5, 5, 0
81, CIVILIZATION_ARMAGH, 1, 5, 11, 7, 6, 0, 0, 0, 9, 7, 181, 209, 6, 5, 8, 5, 6, 14, 9, 15, 1, 5, 0, 0
81, CIVILIZATION_KANDY, 1, 4, 11, 6, 7, 0, 0, 0, 9, 6, 91, 59, 4, 4, 15, 1, 3, 12, 9, 13, 1, 3, 0, 0
81, CIVILIZATION_KUMASI, 1, 2, 9, 7, 9, 0, 0, 0, 7, 3, 433, 33, 4, 4, 7, 2, 4, 5, 7, 13, 0, 1, 0, 0
81, CIVILIZATION_GRANADA, 1, 6, 10, 6, 10, 0, 0, 0, 7, 6, 179, 70, 6, 5, 9, 3, 6, 16, 7, 13, 0, 5, 5, 0
81, CIVILIZATION_BRUSSELS, 1, 7, 10, 8, 5, 0, 0, 0, 7, 5, 165, 17, 7, 6, 14, 1, 4, 18, 7, 15, 0, 7, 8, 0
82, CIVILIZATION_ROME, 2, 10, 12, 9, 3, 0, 0, 0, 25, 9, 287, 95, 10, 10, 36, 2, 23, 29, 25, 16, 3, 9, 3, 0
82, CIVILIZATION_CHINA, 2, 11, 10, 6, 11, 0, 0, 1, 24, 4, 147, 77, 16, 5, 19, 2, 24, 31, 24, 11, 2, 10, 0, 0
82, CIVILIZATION_JAPAN, 3, 15, 13, 8, 9, 0, 0, 0, 35, 14, 293, 394, 15, 9, 25, 9, 30, 50, 35, 15, 3, 14, 4, 3
82, CIVILIZATION_AMERICA, 2, 10, 10, 7, 3, 0, 0, 0, 25, 8, 130, 90, 16, 11, 14, 2, 31, 28, 25, 19, 2, 9, 0, 0
82, CIVILIZATION_SPAIN, 3, 8, 11, 6, 4, 0, 0, 2, 29, 4, 198, 200, 8, 3, 22, 4, 28, 22, 29, 13, 2, 7, 0, 0
82, CIVILIZATION_EGYPT, 4, 15, 9, 10, 8, 0, 0, 1, 40, 5, 196, 174, 13, 10, 13, 14, 28, 44, 40, 14, 1, 14, 0, 8
82, CIVILIZATION_KONGO, 2, 6, 10, 7, 5, 0, 0, 0, 23, 5, 171, 119, 12, 7, 7, 3, 14, 19, 23, 15, 1, 5, 0, 0
82, CIVILIZATION_AZTEC, 2, 5, 9, 4, 3, 0, 0, 0, 20, 0, 138, 9, 7, 2, 11, 1, 16, 11, 20, 10, 2, 4, 0, 0
82, CIVILIZATION_JAKARTA, 1, 5, 9, 7, 11, 0, 0, 0, 8, 1, 329, 46, 6, 5, 9, 2, 5, 13, 8, 13, 0, 5, 3, 0
82, CIVILIZATION_HATTUSA, 1, 5, 10, 7, 6, 0, 0, 0, 8, 4, 184, 13, 7, 4, 6, 1, 7, 11, 8, 15, 1, 5, 0, 0
82, CIVILIZATION_ZANZIBAR, 1, 4, 12, 7, 5, 0, 0, 0, 8, 6, 227, 6, 7, 5, 17, 1, 6, 11, 8, 16, 1, 3, 7, 0
82, CIVILIZATION_JERUSALEM, 1, 6, 9, 6, 6, 0, 0, 0, 8, 1, 67, 47, 6, 5, 6, 3, 4, 16, 8, 13, 1, 5, 0, 0
82, CIVILIZATION_VALLETTA, 1, 7, 11, 6, 6, 0, 0, 0, 8, 7, 167, 58, 7, 5, 9, 2, 4, 24, 8, 13, 0, 6, 5, 0
82, CIVILIZATION_PRESLAV, 1, 8, 11, 4, 6, 0, 0, 0, 7, 6, 168, 0, 7, 3, 5, 0, 1, 23, 7, 11, 0, 8, 0, 0
82, CIVILIZATION_LISBON, 1, 5, 9, 7, 10, 0, 0, 0, 7, 4, 260, 24, 6, 5, 6, 1, 5, 13, 7, 13, 0, 5, 0, 0
82, CIVILIZATION_CARTHAGE, 1, 7, 10, 4, 5, 0, 0, 0, 7, 3, 357, 0, 6, 4, 5, 0, 2, 15, 7, 13, 0, 7, 0, 0
82, CIVILIZATION_KABUL, 1, 5, 10, 7, 10, 0, 0, 0, 7, 3, 230, 25, 6, 5, 6, 1, 4, 12, 7, 13, 0, 5, 0, 0
82, CIVILIZATION_AMSTERDAM, 1, 8, 12, 7, 6, 0, 0, 0, 7, 4, 246, 7, 8, 6, 10, 0, 2, 20, 7, 13, 1, 9, 0, 0
82, CIVILIZATION_PALENQUE, 1, 7, 12, 7, 4, 0, 0, 0, 8, 5, 186, 36, 9, 5, 7, 1, 4, 18, 8, 13, 1, 7, 0, 0
82, CIVILIZATION_STOCKHOLM, 1, 6, 12, 6, 6, 0, 0, 0, 7, 5, 295, 24, 11, 5, 10, 1, 6, 12, 7, 15, 1, 5, 5, 0
82, CIVILIZATION_ARMAGH, 1, 5, 11, 7, 6, 0, 0, 0, 9, 7, 186, 215, 6, 5, 8, 5, 6, 14, 9, 15, 1, 5, 0, 0
82, CIVILIZATION_KANDY, 1, 5, 11, 6, 6, 0, 0, 0, 9, 6, 154, 61, 5, 4, 14, 1, 3, 14, 9, 13, 1, 5, 0, 0
82, CIVILIZATION_KUMASI, 1, 2, 9, 7, 9, 0, 0, 0, 7, 3, 440, 35, 4, 4, 7, 2, 4, 5, 7, 13, 0, 1, 0, 0
82, CIVILIZATION_GRANADA, 1, 6, 10, 6, 11, 0, 0, 0, 8, 6, 180, 74, 6, 5, 9, 3, 6, 17, 8, 13, 0, 5, 5, 0
82, CIVILIZATION_BRUSSELS, 1, 7, 10, 8, 5, 0, 0, 0, 7, 5, 176, 19, 7, 6, 14, 1, 4, 18, 7, 15, 0, 7, 8, 0
83, CIVILIZATION_ROME, 2, 10, 12, 9, 3, 0, 0, 0, 25, 9, 319, 97, 10, 10, 36, 2, 23, 29, 25, 16, 3, 9, 3, 0
83, CIVILIZATION_CHINA, 2, 10, 11, 6, 11, 0, 0, 1, 24, 4, 163, 79, 15, 5, 19, 2, 22, 30, 24, 11, 2, 9, 0, 0
83, CIVILIZATION_JAPAN, 3, 15, 13, 8, 9, 0, 0, 0, 35, 14, 312, 404, 15, 9, 25, 9, 30, 50, 35, 15, 3, 14, 4, 3
83, CIVILIZATION_AMERICA, 3, 11, 11, 8, 4, 0, 0, 0, 32, 8, 142, 92, 17, 12, 14, 2, 33, 31, 32, 19, 3, 10, 0, 0
83, CIVILIZATION_SPAIN, 3, 8, 11, 6, 4, 0, 0, 2, 29, 4, 209, 204, 8, 3, 22, 4, 31, 24, 29, 13, 2, 7, 4, 0
83, CIVILIZATION_EGYPT, 4, 15, 10, 10, 8, 0, 0, 1, 40, 5, 207, 190, 13, 10, 13, 16, 28, 44, 40, 16, 1, 14, 0, 8
83, CIVILIZATION_KONGO, 2, 6, 10, 7, 5, 0, 0, 0, 23, 5, 175, 122, 12, 7, 7, 3, 14, 19, 23, 15, 1, 5, 0, 0
83, CIVILIZATION_AZTEC, 2, 5, 9, 4, 3, 0, 0, 0, 20, 0, 141, 10, 7, 2, 11, 1, 16, 11, 20, 10, 2, 4, 0, 0
83, CIVILIZATION_JAKARTA, 1, 5, 9, 8, 11, 0, 0, 0, 8, 1, 331, 49, 6, 5, 9, 2, 5, 13, 8, 13, 0, 5, 3, 0
83, CIVILIZATION_HATTUSA, 1, 5, 10, 7, 6, 0, 0, 0, 8, 4, 188, 14, 7, 4, 6, 1, 7, 11, 8, 15, 1, 5, 0, 0
83, CIVILIZATION_ZANZIBAR, 1, 4, 12, 8, 5, 0, 0, 0, 8, 6, 242, 7, 7, 5, 17, 1, 6, 11, 8, 16, 1, 3, 7, 0
83, CIVILIZATION_JERUSALEM, 1, 6, 9, 7, 6, 0, 0, 0, 8, 1, 69, 50, 6, 5, 6, 3, 4, 16, 8, 13, 1, 5, 0, 0
83, CIVILIZATION_VALLETTA, 1, 7, 12, 7, 7, 0, 0, 0, 8, 7, 169, 61, 7, 5, 9, 2, 4, 24, 8, 13, 0, 6, 5, 0
83, CIVILIZATION_PRESLAV, 1, 9, 12, 4, 6, 0, 0, 0, 7, 6, 170, 0, 7, 3, 5, 0, 1, 23, 7, 11, 0, 10, 0, 0
83, CIVILIZATION_LISBON, 1, 5, 9, 7, 10, 0, 0, 0, 7, 4, 260, 26, 6, 5, 6, 1, 5, 13, 7, 13, 0, 5, 0, 0
83, CIVILIZATION_CARTHAGE, 1, 7, 10, 4, 5, 0, 0, 0, 7, 3, 358, 0, 6, 4, 5, 0, 2, 15, 7, 13, 0, 7, 0, 0
83, CIVILIZATION_KABUL, 1, 5, 11, 7, 10, 0, 0, 0, 7, 3, 236, 27, 6, 5, 6, 1, 4, 12, 7, 13, 0, 5, 0, 0
83, CIVILIZATION_AMSTERDAM, 1, 8, 12, 8, 6, 0, 0, 0, 7, 4, 252, 8, 8, 6, 10, 0, 2, 20, 7, 13, 1, 9, 0, 0
83, CIVILIZATION_PALENQUE, 1, 7, 12, 7, 4, 0, 0, 0, 8, 5, 188, 38, 9, 5, 7, 1, 4, 18, 8, 13, 1, 7, 0, 0
83, CIVILIZATION_STOCKHOLM, 1, 6, 12, 7, 6, 0, 0, 0, 7, 5, 299, 26, 11, 5, 10, 1, 6, 12, 7, 15, 1, 5, 5, 0
83, CIVILIZATION_ARMAGH, 1, 5, 12, 7, 6, 0, 0, 0, 9, 7, 190, 221, 6, 5, 8, 5, 6, 14, 9, 15, 1, 5, 0, 0
83, CIVILIZATION_KANDY, 1, 5, 11, 7, 6, 0, 0, 0, 9, 6, 167, 62, 6, 5, 14, 1, 3, 15, 9, 13, 1, 5, 0, 0
83, CIVILIZATION_KUMASI, 1, 2, 10, 7, 9, 0, 0, 0, 7, 3, 448, 37, 4, 4, 7, 2, 4, 5, 7, 13, 0, 1, 0, 0
83, CIVILIZATION_GRANADA, 1, 6, 10, 7, 11, 0, 0, 0, 8, 6, 180, 77, 6, 5, 9, 3, 6, 17, 8, 13, 0, 5, 5, 0
83, CIVILIZATION_BRUSSELS, 1, 7, 10, 9, 6, 0, 0, 0, 7, 5, 185, 21, 7, 6, 14, 1, 4, 17, 7, 15, 0, 7, 8, 0
84, CIVILIZATION_ROME, 2, 10, 12, 9, 3, 0, 0, 0, 25, 9, 351, 99, 10, 10, 36, 2, 23, 29, 25, 16, 3, 9, 3, 0
84, CIVILIZATION_CHINA, 2, 10, 11, 6, 11, 0, 0, 1, 24, 4, 180, 81, 15, 5, 19, 2, 22, 30, 24, 11, 2, 9, 0, 0
84, CIVILIZATION_JAPAN, 3, 16, 13, 8, 10, 0, 0, 0, 35, 14, 329, 414, 16, 9, 25, 9, 33, 51, 35, 15, 3, 15, 4, 3
84, CIVILIZATION_AMERICA, 3, 11, 11, 8, 4, 0, 0, 0, 33, 8, 153, 95, 17, 12, 14, 2, 33, 31, 33, 19, 3, 10, 0, 0
84, CIVILIZATION_SPAIN, 3, 9, 11, 6, 4, 0, 0, 2, 31, 4, 220, 210, 9, 5, 22, 5, 32, 27, 31, 15, 2, 8, 4, 3
84, CIVILIZATION_EGYPT, 4, 15, 10, 10, 9, 0, 0, 1, 40, 7, 219, 57, 13, 10, 13, 16, 31, 45, 40, 16, 1, 14, 0, 8
84, CIVILIZATION_KONGO, 3, 7, 10, 7, 5, 0, 0, 0, 30, 5, 178, 125, 13, 7, 7, 3, 16, 25, 30, 15, 1, 6, 0, 0
84, CIVILIZATION_AZTEC, 2, 5, 9, 4, 3, 0, 0, 0, 20, 0, 144, 11, 7, 2, 11, 1, 16, 11, 20, 10, 2, 4, 0, 0
84, CIVILIZATION_JAKARTA, 1, 5, 9, 8, 11, 0, 0, 0, 8, 1, 332, 52, 6, 5, 9, 2, 5, 13, 8, 13, 0, 5, 3, 0
84, CIVILIZATION_HATTUSA, 1, 5, 10, 7, 6, 0, 0, 0, 8, 5, 192, 15, 7, 4, 6, 1, 7, 11, 8, 15, 1, 5, 0, 0
84, CIVILIZATION_ZANZIBAR, 1, 4, 12, 8, 6, 0, 0, 0, 8, 6, 256, 8, 7, 5, 17, 1, 6, 11, 8, 16, 1, 3, 7, 0
84, CIVILIZATION_JERUSALEM, 1, 6, 9, 7, 6, 0, 0, 0, 8, 1, 72, 54, 6, 5, 6, 3, 4, 16, 8, 13, 1, 5, 0, 0
84, CIVILIZATION_VALLETTA, 1, 7, 13, 7, 7, 0, 0, 0, 8, 7, 170, 64, 7, 5, 9, 2, 4, 24, 8, 13, 0, 6, 5, 0
84, CIVILIZATION_PRESLAV, 1, 9, 13, 4, 6, 0, 0, 0, 7, 6, 172, 0, 7, 3, 5, 0, 1, 23, 7, 11, 0, 10, 0, 0
84, CIVILIZATION_LISBON, 1, 5, 9, 7, 10, 0, 0, 0, 7, 4, 261, 28, 6, 5, 6, 1, 5, 13, 7, 13, 0, 5, 0, 0
84, CIVILIZATION_CARTHAGE, 1, 7, 10, 4, 5, 0, 0, 0, 7, 3, 359, 0, 6, 4, 5, 0, 2, 15, 7, 13, 0, 7, 0, 0
84, CIVILIZATION_KABUL, 1, 5, 12, 7, 10, 0, 0, 0, 7, 3, 243, 29, 6, 5, 6, 1, 4, 12, 7, 13, 0, 5, 0, 0
84, CIVILIZATION_AMSTERDAM, 1, 8, 12, 8, 6, 0, 0, 0, 7, 4, 257, 9, 8, 6, 10, 0, 2, 20, 7, 13, 1, 9, 0, 0
84, CIVILIZATION_PALENQUE, 1, 7, 12, 8, 4, 0, 0, 0, 8, 5, 189, 39, 9, 5, 7, 1, 4, 18, 8, 13, 1, 7, 0, 0
84, CIVILIZATION_STOCKHOLM, 1, 6, 12, 7, 6, 0, 0, 0, 7, 5, 304, 28, 11, 5, 10, 1, 6, 12, 7, 15, 1, 5, 5, 0
84, CIVILIZATION_ARMAGH, 1, 5, 13, 7, 6, 0, 0, 0, 9, 7, 195, 226, 6, 5, 8, 5, 6, 14, 9, 15, 1, 5, 0, 0
84, CIVILIZATION_KANDY, 1, 5, 11, 7, 6, 0, 0, 0, 9, 6, 178, 64, 6, 5, 14, 1, 3, 15, 9, 13, 1, 5, 0, 0
84, CIVILIZATION_KUMASI, 1, 2, 11, 7, 9, 0, 0, 0, 7, 3, 455, 39, 4, 4, 7, 2, 4, 5, 7, 13, 0, 1, 0, 0
84, CIVILIZATION_GRANADA, 1, 6, 10, 7, 11, 0, 0, 0, 8, 6, 181, 81, 6, 5, 9, 3, 6, 17, 8, 13, 0, 5, 5, 0
84, CIVILIZATION_BRUSSELS, 1, 7, 10, 9, 6, 0, 0, 0, 7, 5, 195, 23, 7, 6, 14, 1, 4, 17, 7, 15, 0, 7, 8, 0
85, CIVILIZATION_ROME, 2, 10, 12, 10, 3, 0, 0, 0, 25, 9, 383, 101, 10, 10, 24, 2, 23, 29, 25, 16, 3, 9, 3, 0
85, CIVILIZATION_CHINA, 2, 10, 12, 6, 11, 0, 0, 1, 24, 4, 197, 83, 15, 5, 19, 2, 22, 30, 24, 11, 2, 9, 0, 0
85, CIVILIZATION_JAPAN, 3, 16, 13, 9, 9, 0, 0, 0, 36, 14, 345, 426, 16, 9, 26, 12, 33, 51, 36, 15, 4, 15, 4, 3
85, CIVILIZATION_AMERICA, 3, 11, 11, 8, 4, 0, 0, 0, 33, 8, 164, 97, 17, 12, 14, 2, 33, 31, 33, 19, 3, 10, 0, 0
85, CIVILIZATION_SPAIN, 3, 9, 11, 6, 4, 0, 0, 2, 31, 4, 237, 216, 9, 5, 21, 5, 32, 27, 31, 15, 2, 8, 4, 3
85, CIVILIZATION_EGYPT, 4, 15, 10, 10, 8, 0, 0, 1, 41, 7, 230, 74, 13, 10, 13, 16, 31, 45, 41, 16, 1, 14, 0, 8
85, CIVILIZATION_KONGO, 3, 7, 10, 7, 5, 0, 0, 0, 30, 5, 182, 129, 13, 7, 7, 3, 16, 25, 30, 15, 1, 6, 0, 0
85, CIVILIZATION_AZTEC, 2, 5, 9, 4, 3, 0, 0, 0, 20, 0, 153, 12, 7, 2, 10, 1, 15, 11, 20, 10, 2, 4, 0, 0
85, CIVILIZATION_JAKARTA, 1, 5, 10, 8, 11, 0, 0, 0, 8, 1, 334, 55, 6, 5, 9, 2, 5, 13, 8, 13, 0, 5, 3, 0
85, CIVILIZATION_HATTUSA, 1, 5, 10, 8, 6, 0, 0, 0, 8, 5, 196, 16, 7, 4, 6, 1, 7, 11, 8, 15, 1, 5, 0, 0
85, CIVILIZATION_ZANZIBAR, 1, 4, 12, 8, 6, 0, 0, 0, 8, 6, 270, 9, 7, 5, 17, 1, 6, 11, 8, 16, 1, 3, 7, 0
85, CIVILIZATION_JERUSALEM, 1, 6, 10, 8, 6, 0, 0, 0, 9, 1, 75, 57, 6, 5, 6, 3, 4, 19, 9, 13, 1, 5, 0, 0
85, CIVILIZATION_VALLETTA, 1, 7, 14, 8, 7, 0, 0, 0, 8, 7, 172, 67, 7, 5, 9, 2, 4, 24, 8, 13, 0, 6, 5, 0
85, CIVILIZATION_PRESLAV, 1, 9, 14, 4, 6, 0, 0, 0, 7, 6, 174, 0, 7, 3, 5, 0, 1, 23, 7, 11, 0, 10, 0, 0
85, CIVILIZATION_LISBON, 1, 5, 9, 8, 10, 0, 0, 0, 7, 4, 262, 30, 6, 5, 6, 1, 5, 13, 7, 13, 0, 5, 0, 0
85, CIVILIZATION_CARTHAGE, 1, 7, 11, 4, 5, 0, 0, 0, 7, 3, 360, 0, 6, 4, 5, 0, 2, 15, 7, 13, 0, 7, 0, 0
85, CIVILIZATION_KABUL, 1, 5, 12, 8, 11, 0, 0, 0, 7, 3, 250, 31, 6, 5, 6, 1, 4, 12, 7, 13, 0, 5, 0, 0
85, CIVILIZATION_AMSTERDAM, 1, 8, 12, 8, 6, 0, 0, 0, 7, 4, 263, 10, 8, 6, 10, 0, 2, 20, 7, 13, 1, 9, 0, 0
85, CIVILIZATION_PALENQUE, 1, 8, 12, 9, 5, 0, 0, 0, 8, 5, 189, 41, 10, 6, 8, 1, 4, 18, 8, 13, 1, 9, 0, 0
85, CIVILIZATION_STOCKHOLM, 1, 6, 12, 8, 6, 0, 0, 0, 7, 5, 308, 30, 11, 5, 10, 1, 6, 12, 7, 15, 1, 5, 5, 0
85, CIVILIZATION_ARMAGH, 1, 5, 14, 8, 6, 0, 0, 0, 9, 7, 199, 232, 6, 5, 8, 5, 6, 14, 9, 15, 1, 5, 0, 0
85, CIVILIZATION_KANDY, 1, 5, 12, 8, 6, 0, 0, 0, 9, 6, 190, 65, 6, 5, 14, 1, 3, 15, 9, 13, 1, 5, 0, 0
85, CIVILIZATION_KUMASI, 1, 2, 12, 8, 9, 0, 0, 0, 7, 3, 461, 41, 4, 4, 7, 2, 4, 5, 7, 13, 1, 1, 0, 0
85, CIVILIZATION_GRANADA, 1, 6, 10, 8, 11, 0, 0, 0, 8, 6, 181, 85, 6, 5, 9, 3, 6, 17, 8, 13, 0, 5, 5, 0
85, CIVILIZATION_BRUSSELS, 1, 7, 10, 9, 6, 0, 0, 0, 7, 5, 205, 25, 7, 6, 14, 1, 4, 17, 7, 15, 0, 7, 8, 0
86, CIVILIZATION_ROME, 2, 10, 12, 10, 3, 0, 0, 0, 25, 9, 408, 103, 10, 10, 27, 2, 23, 29, 25, 19, 3, 9, 3, 0
86, CIVILIZATION_CHINA, 2, 10, 12, 6, 12, 0, 0, 1, 24, 4, 214, 86, 15, 5, 19, 2, 22, 30, 24, 11, 2, 9, 0, 0
86, CIVILIZATION_JAPAN, 3, 17, 13, 9, 9, 0, 0, 0, 37, 14, 362, 64, 17, 10, 26, 18, 34, 54, 37, 16, 4, 16, 4, 3
86, CIVILIZATION_AMERICA, 3, 12, 11, 8, 4, 0, 0, 0, 34, 8, 175, 99, 17, 12, 13, 2, 36, 32, 34, 19, 3, 11, 0, 0
86, CIVILIZATION_SPAIN, 3, 9, 11, 6, 4, 0, 0, 2, 31, 4, 24, 221, 9, 5, 21, 5, 32, 27, 31, 15, 2, 8, 4, 3
86, CIVILIZATION_EGYPT, 4, 15, 10, 10, 8, 0, 0, 1, 41, 7, 242, 91, 13, 10, 13, 16, 31, 45, 41, 16, 1, 14, 0, 8
86, CIVILIZATION_KONGO, 3, 7, 11, 7, 5, 0, 0, 0, 30, 5, 185, 132, 13, 7, 7, 3, 18, 26, 30, 16, 1, 6, 0, 0
86, CIVILIZATION_AZTEC, 2, 5, 9, 4, 3, 0, 0, 0, 20, 0, 162, 13, 7, 2, 10, 1, 15, 11, 20, 10, 2, 4, 0, 0
86, CIVILIZATION_JAKARTA, 1, 6, 11, 8, 11, 0, 0, 0, 8, 1, 335, 57, 6, 5, 9, 2, 6, 15, 8, 15, 0, 5, 3, 0
86, CIVILIZATION_HATTUSA, 1, 5, 11, 9, 6, 0, 0, 0, 8, 5, 200, 17, 7, 4, 6, 1, 7, 11, 8, 15, 1, 5, 0, 0
86, CIVILIZATION_ZANZIBAR, 1, 5, 12, 8, 6, 0, 0, 0, 8, 6, 283, 10, 7, 5, 17, 1, 6, 13, 8, 16, 1, 5, 7, 0
86, CIVILIZATION_JERUSALEM, 1, 6, 11, 9, 6, 0, 0, 0, 9, 1, 77, 61, 6, 5, 6, 3, 4, 19, 9, 13, 1, 5, 0, 0
86, CIVILIZATION_VALLETTA, 1, 7, 15, 9, 7, 0, 0, 0, 8, 7, 171, 69, 7, 5, 6, 1, 4, 24, 8, 13, 0, 6, 0, 0
86, CIVILIZATION_PRESLAV, 1, 9, 14, 4, 6, 0, 0, 0, 7, 6, 176, 0, 7, 3, 5, 0, 1, 23, 7, 11, 0, 10, 0, 0
86, CIVILIZATION_LISBON, 1, 5, 10, 9, 10, 0, 0, 0, 7, 4, 262, 32, 6, 5, 6, 1, 5, 13, 7, 13, 0, 5, 0, 0
86, CIVILIZATION_CARTHAGE, 1, 7, 12, 4, 5, 0, 0, 0, 7, 3, 362, 0, 6, 4, 5, 0, 2, 15, 7, 13, 0, 7, 0, 0
86, CIVILIZATION_KABUL, 1, 5, 12, 9, 11, 0, 0, 0, 7, 3, 256, 32, 6, 5, 6, 1, 4, 12, 7, 13, 0, 5, 0, 0
86, CIVILIZATION_AMSTERDAM, 1, 8, 12, 8, 6, 0, 0, 0, 7, 4, 269, 11, 8, 6, 10, 0, 2, 20, 7, 13, 1, 9, 0, 0
86, CIVILIZATION_PALENQUE, 1, 8, 12, 9, 5, 0, 0, 0, 8, 5, 189, 43, 10, 6, 8, 1, 4, 18, 8, 13, 1, 9, 0, 0
86, CIVILIZATION_STOCKHOLM, 1, 6, 12, 9, 6, 0, 0, 0, 7, 5, 313, 32, 11, 5, 10, 1, 6, 12, 7, 15, 1, 5, 5, 0
86, CIVILIZATION_ARMAGH, 1, 5, 14, 9, 6, 0, 0, 0, 9, 7, 204, 238, 6, 5, 8, 5, 6, 14, 9, 15, 1, 5, 0, 0
86, CIVILIZATION_KANDY, 1, 5, 13, 9, 5, 0, 0, 0, 9, 6, 201, 67, 6, 5, 14, 1, 3, 15, 9, 13, 1, 5, 0, 0
86, CIVILIZATION_KUMASI, 1, 2, 12, 9, 9, 0, 0, 0, 7, 3, 468, 44, 4, 4, 7, 2, 4, 5, 7, 13, 1, 1, 0, 0
86, CIVILIZATION_GRANADA, 1, 6, 10, 9, 11, 0, 0, 0, 8, 6, 179, 87, 6, 5, 6, 1, 6, 17, 8, 13, 0, 5, 0, 0
86, CIVILIZATION_BRUSSELS, 1, 7, 11, 10, 6, 0, 0, 0, 7, 5, 207, 27, 7, 6, 7, 1, 4, 17, 7, 15, 0, 7, 0, 0
87, CIVILIZATION_ROME, 2, 10, 13, 10, 3, 0, 0, 0, 25, 9, 432, 106, 10, 10, 27, 2, 23, 29, 25, 19, 3, 9, 3, 0
87, CIVILIZATION_CHINA, 2, 10, 12, 6, 12, 0, 0, 1, 24, 4, 230, 88, 15, 5, 19, 2, 22, 30, 24, 11, 2, 9, 0, 0
87, CIVILIZATION_JAPAN, 3, 17, 13, 9, 9, 0, 0, 0, 37, 14, 378, 87, 17, 10, 26, 23, 34, 54, 37, 20, 4, 16, 4, 11
87, CIVILIZATION_AMERICA, 3, 12, 11, 8, 4, 0, 0, 0, 34, 8, 186, 101, 17, 12, 13, 2, 36, 32, 34, 19, 3, 11, 0, 0
87, CIVILIZATION_SPAIN, 3, 9, 11, 6, 4, 0, 0, 2, 31, 4, 41, 227, 9, 5, 21, 5, 32, 27, 31, 15, 2, 8, 4, 3
87, CIVILIZATION_EGYPT, 4, 15, 10, 10, 8, 0, 0, 1, 41, 7, 256, 108, 13, 10, 16, 16, 31, 45, 41, 16, 1, 14, 0, 8
87, CIVILIZATION_KONGO, 3, 8, 11, 7, 5, 0, 0, 0, 30, 5, 189, 136, 13, 8, 7, 3, 19, 28, 30, 16, 1, 7, 0, 0
87, CIVILIZATION_AZTEC, 2, 5, 9, 4, 3, 0, 0, 0, 20, 0, 171, 14, 7, 2, 10, 1, 15, 11, 20, 10, 2, 4, 0, 0
87, CIVILIZATION_JAKARTA, 1, 6, 12, 8, 11, 0, 0, 0, 8, 2, 337, 60, 6, 5, 9, 2, 6, 14, 8, 15, 0, 6, 3, 0
87, CIVILIZATION_HATTUSA, 1, 5, 12, 9, 6, 0, 0, 0, 8, 5, 204, 18, 7, 4, 6, 1, 7, 11, 8, 15, 1, 5, 0, 0
87, CIVILIZATION_ZANZIBAR, 1, 5, 12, 8, 7, 0, 0, 0, 8, 6, 295, 11, 7, 5, 17, 1, 6, 13, 8, 16, 1, 5, 7, 0
87, CIVILIZATION_JERUSALEM, 1, 6, 12, 9, 6, 0, 0, 0, 9, 1, 80, 64, 6, 5, 6, 3, 4, 19, 9, 13, 1, 5, 0, 0
87, CIVILIZATION_VALLETTA, 1, 8, 15, 9, 7, 0, 0, 0, 8, 7, 173, 72, 8, 6, 10, 2, 4, 24, 8, 13, 0, 8, 6, 0
87, CIVILIZATION_PRESLAV, 1, 9, 14, 4, 6, 0, 0, 0, 7, 6, 177, 0, 7, 3, 5, 0, 1, 23, 7, 11, 0, 10, 0, 0
87, CIVILIZATION_LISBON, 1, 5, 11, 9, 10, 0, 0, 0, 7, 4, 263, 34, 6, 5, 6, 1, 5, 15, 7, 15, 0, 5, 0, 0
87, CIVILIZATION_CARTHAGE, 1, 7, 13, 4, 5, 0, 0, 0, 7, 3, 363, 0, 6, 4, 5, 0, 2, 15, 7, 13, 0, 7, 0, 0
87, CIVILIZATION_KABUL, 1, 5, 12, 9, 11, 0, 0, 0, 7, 3, 263, 34, 6, 5, 6, 1, 4, 12, 7, 13, 0, 5, 0, 0
87, CIVILIZATION_AMSTERDAM, 1, 8, 13, 9, 6, 0, 0, 0, 7, 4, 275, 12, 8, 6, 10, 0, 2, 20, 7, 13, 1, 9, 0, 0
87, CIVILIZATION_PALENQUE, 1, 8, 12, 9, 5, 0, 0, 0, 8, 5, 189, 45, 10, 6, 8, 1, 4, 18, 8, 13, 1, 9, 0, 0
87, CIVILIZATION_STOCKHOLM, 1, 6, 12, 9, 6, 0, 0, 0, 7, 5, 317, 34, 11, 5, 10, 1, 6, 12, 7, 15, 1, 5, 5, 0
87, CIVILIZATION_ARMAGH, 1, 5, 14, 9, 6, 0, 0, 0, 9, 7, 208, 243, 6, 5, 8, 5, 6, 14, 9, 15, 1, 5, 0, 0
87, CIVILIZATION_KANDY, 1, 5, 13, 9, 4, 0, 0, 0, 9, 6, 213, 68, 6, 5, 14, 1, 3, 15, 9, 13, 1, 5, 0, 0
87, CIVILIZATION_KUMASI, 1, 3, 12, 9, 10, 0, 0, 0, 7, 3, 234, 46, 5, 4, 7, 2, 5, 5, 7, 13, 1, 2, 0, 0
87, CIVILIZATION_GRANADA, 1, 6, 10, 9, 11, 0, 0, 0, 8, 6, 180, 89, 6, 5, 9, 1, 6, 19, 8, 13, 0, 5, 5, 0
87, CIVILIZATION_BRUSSELS, 1, 7, 12, 10, 6, 0, 0, 0, 7, 5, 212, 30, 8, 6, 9, 2, 4, 17, 7, 15, 0, 7, 5, 0
88, CIVILIZATION_ROME, 2, 10, 13, 10, 3, 0, 0, 0, 25, 9, 456, 108, 10, 10, 27, 2, 23, 29, 25, 19, 3, 9, 3, 0
88, CIVILIZATION_CHINA, 2, 10, 12, 6, 12, 0, 0, 1, 24, 4, 247, 90, 15, 5, 19, 2, 22, 30, 24, 11, 2, 9, 0, 0
88, CIVILIZATION_JAPAN, 3, 17, 13, 9, 9, 0, 0, 0, 37, 14, 395, 110, 17, 10, 26, 23, 34, 54, 37, 20, 4, 16, 4, 11
88, CIVILIZATION_AMERICA, 3, 13, 12, 8, 4, 0, 0, 0, 34, 8, 197, 104, 19, 12, 13, 2, 38, 33, 34, 19, 3, 12, 0, 0
88, CIVILIZATION_SPAIN, 3, 9, 11, 6, 4, 0, 0, 2, 31, 4, 58, 233, 9, 5, 21, 5, 32, 27, 31, 15, 2, 8, 4, 3
88, CIVILIZATION_EGYPT, 4, 15, 10, 10, 8, 0, 0, 1, 41, 8, 270, 125, 13, 10, 16, 16, 31, 46, 41, 17, 1, 14, 0, 8
88, CIVILIZATION_KONGO, 3, 9, 11, 7, 5, 0, 0, 0, 30, 5, 192, 139, 14, 8, 7, 3, 20, 31, 30, 16, 1, 8, 0, 0
88, CIVILIZATION_AZTEC, 2, 5, 9, 4, 4, 0, 0, 0, 20, 1, 180, 15, 7, 2, 11, 1, 16, 11, 20, 10, 2, 4, 0, 0
88, CIVILIZATION_JAKARTA, 1, 6, 12, 8, 11, 0, 0, 0, 8, 2, 339, 63, 6, 5, 9, 2, 6, 14, 8, 15, 0, 6, 3, 0
88, CIVILIZATION_HATTUSA, 1, 5, 13, 9, 6, 0, 0, 0, 8, 5, 208, 19, 7, 4, 6, 1, 7, 11, 8, 15, 1, 5, 0, 0
88, CIVILIZATION_ZANZIBAR, 1, 5, 12, 8, 7, 0, 0, 0, 8, 6, 307, 12, 7, 5, 17, 1, 6, 13, 8, 16, 1, 5, 7, 0
88, CIVILIZATION_JERUSALEM, 1, 6, 13, 9, 6, 0, 0, 0, 9, 1, 83, 67, 6, 5, 6, 3, 4, 19, 9, 13, 1, 5, 0, 0
88, CIVILIZATION_VALLETTA, 1, 8, 15, 9, 8, 0, 0, 0, 8, 7, 175, 75, 8, 6, 10, 2, 4, 24, 8, 13, 0, 8, 6, 0
88, CIVILIZATION_PRESLAV, 1, 9, 14, 4, 6, 0, 0, 0, 7, 6, 179, 0, 7, 3, 5, 0, 1, 23, 7, 11, 0, 10, 0, 0
88, CIVILIZATION_LISBON, 1, 6, 11, 9, 10, 0, 0, 0, 7, 4, 264, 36, 6, 5, 6, 1, 6, 16, 7, 15, 0, 5, 0, 0
88, CIVILIZATION_CARTHAGE, 1, 7, 13, 4, 5, 0, 0, 0, 7, 3, 364, 0, 6, 4, 5, 0, 2, 15, 7, 13, 0, 7, 0, 0
88, CIVILIZATION_KABUL, 1, 5, 12, 9, 11, 0, 0, 0, 7, 3, 269, 36, 6, 5, 6, 1, 4, 12, 7, 13, 0, 5, 0, 0
88, CIVILIZATION_AMSTERDAM, 1, 8, 13, 10, 6, 0, 0, 0, 7, 4, 281, 13, 8, 6, 10, 0, 2, 20, 7, 13, 1, 9, 0, 0
88, CIVILIZATION_PALENQUE, 1, 8, 12, 9, 5, 0, 0, 0, 8, 5, 189, 47, 10, 6, 8, 1, 4, 18, 8, 13, 1, 9, 0, 0
88, CIVILIZATION_STOCKHOLM, 1, 6, 12, 9, 6, 0, 0, 0, 7, 5, 322, 36, 11, 5, 10, 1, 6, 12, 7, 15, 1, 5, 5, 0
88, CIVILIZATION_ARMAGH, 1, 5, 14, 9, 6, 0, 0, 0, 9, 7, 213, 248, 6, 5, 8, 4, 6, 14, 9, 15, 1, 5, 0, 0
88, CIVILIZATION_KANDY, 1, 5, 13, 9, 4, 0, 0, 0, 9, 6, 225, 69, 6, 5, 14, 1, 3, 15, 9, 13, 1, 5, 0, 0
88, CIVILIZATION_KUMASI, 1, 2, 12, 9, 10, 0, 0, 0, 7, 3, 240, 48, 4, 4, 7, 2, 4, 5, 7, 13, 1, 1, 0, 0
88, CIVILIZATION_GRANADA, 1, 6, 10, 9, 12, 0, 0, 0, 8, 6, 179, 91, 6, 5, 9, 1, 6, 19, 8, 13, 0, 5, 5, 0
88, CIVILIZATION_BRUSSELS, 1, 7, 13, 10, 6, 0, 0, 0, 7, 5, 217, 33, 8, 6, 9, 2, 4, 17, 7, 15, 0, 7, 5, 0
89, CIVILIZATION_ROME, 2, 10, 13, 10, 3, 0, 0, 0, 25, 9, 480, 110, 10, 10, 27, 2, 23, 29, 25, 19, 3, 9, 3, 0
89, CIVILIZATION_CHINA, 2, 10, 12, 7, 13, 0, 0, 1, 24, 5, 265, 94, 15, 5, 22, 3, 22, 30, 24, 11, 2, 9, 0, 0
89, CIVILIZATION_JAPAN, 3, 17, 14, 9, 9, 0, 0, 0, 37, 14, 411, 134, 17, 10, 26, 23, 34, 54, 37, 20, 4, 16, 4, 11
89, CIVILIZATION_AMERICA, 3, 13, 12, 8, 4, 0, 0, 0, 34, 8, 207, 106, 19, 12, 13, 2, 38, 33, 34, 19, 3, 12, 0, 0
89, CIVILIZATION_SPAIN, 3, 9, 11, 6, 4, 0, 0, 2, 31, 4, 74, 238, 9, 5, 21, 5, 32, 27, 31, 15, 2, 8, 4, 3
89, CIVILIZATION_EGYPT, 4, 15, 10, 10, 8, 0, 0, 1, 41, 8, 284, 142, 13, 10, 16, 16, 31, 46, 41, 17, 1, 14, 0, 8
89, CIVILIZATION_KONGO, 3, 9, 11, 7, 5, 0, 0, 0, 30, 5, 196, 142, 14, 8, 7, 3, 20, 31, 30, 16, 1, 8, 0, 0
89, CIVILIZATION_AZTEC, 2, 5, 9, 4, 4, 0, 0, 0, 20, 1, 190, 17, 7, 2, 12, 2, 12, 12, 20, 10, 2, 4, 0, 0
89, CIVILIZATION_JAKARTA, 1, 6, 12, 8, 11, 0, 0, 0, 8, 2, 126, 66, 6, 5, 9, 2, 6, 14, 8, 15, 0, 6, 3, 0
89, CIVILIZATION_HATTUSA, 1, 5, 13, 9, 6, 0, 0, 0, 8, 5, 212, 20, 7, 4, 6, 1, 7, 11, 8, 15, 1, 5, 0, 0
89, CIVILIZATION_ZANZIBAR, 1, 5, 12, 8, 7, 0, 0, 0, 8, 6, 319, 13, 7, 5, 17, 1, 6, 13, 8, 16, 1, 5, 7, 0
89, CIVILIZATION_JERUSALEM, 1, 6, 13, 9, 6, 0, 0, 0, 9, 1, 85, 71, 6, 5, 6, 3, 4, 19, 9, 13, 1, 5, 0, 0
89, CIVILIZATION_VALLETTA, 1, 8, 15, 9, 8, 0, 0, 0, 8, 7, 177, 77, 8, 7, 10, 2, 4, 24, 8, 13, 0, 8, 7, 0
89, CIVILIZATION_PRESLAV, 1, 9, 14, 4, 6, 0, 0, 0, 7, 6, 181, 0, 7, 3, 5, 0, 1, 23, 7, 11, 0, 10, 0, 0
89, CIVILIZATION_LISBON, 1, 6, 11, 9, 10, 0, 0, 0, 7, 4, 264, 38, 6, 5, 6, 1, 6, 16, 7, 15, 0, 5, 0, 0
89, CIVILIZATION_CARTHAGE, 1, 7, 13, 4, 5, 0, 0, 0, 7, 3, 365, 0, 6, 4, 5, 0, 2, 15, 7, 13, 0, 7, 0, 0
89, CIVILIZATION_KABUL, 1, 5, 12, 9, 11, 0, 0, 0, 7, 3, 276, 38, 6, 5, 6, 1, 4, 12, 7, 13, 0, 5, 0, 0
89, CIVILIZATION_AMSTERDAM, 1, 8, 13, 10, 6, 0, 0, 0, 7, 4, 287, 14, 8, 6, 10, 0, 2, 20, 7, 13, 1, 9, 0, 0
89, CIVILIZATION_PALENQUE, 1, 8, 12, 10, 5, 0, 0, 0, 8, 5, 190, 49, 10, 6, 8, 1, 4, 18, 8, 13, 1, 9, 0, 0
89, CIVILIZATION_STOCKHOLM, 1, 6, 12, 9, 6, 0, 0, 0, 7, 5, 326, 38, 11, 5, 10, 1, 6, 12, 7, 15, 1, 5, 5, 0
89, CIVILIZATION_ARMAGH, 1, 5, 14, 9, 6, 0, 0, 0, 9, 7, 217, 253, 6, 5, 8, 4, 6, 14, 9, 15, 1, 5, 0, 0
89, CIVILIZATION_KANDY, 1, 5, 13, 9, 4, 0, 0, 0, 10, 6, 238, 71, 6, 5, 14, 1, 3, 15, 10, 13, 1, 5, 0, 0
89, CIVILIZATION_KUMASI, 1, 3, 12, 9, 10, 0, 0, 0, 7, 3, 246, 50, 5, 4, 7, 2, 5, 5, 7, 13, 1, 2, 0, 0
89, CIVILIZATION_GRANADA, 1, 6, 10, 9, 12, 0, 0, 0, 8, 6, 179, 93, 6, 5, 9, 1, 6, 19, 8, 13, 0, 5, 5, 0
89, CIVILIZATION_BRUSSELS, 1, 7, 13, 10, 7, 0, 0, 0, 7, 5, 221, 35, 8, 6, 9, 2, 4, 17, 7, 15, 0, 7, 5, 0
90, CIVILIZATION_ROME, 2, 10, 13, 10, 3, 0, 0, 0, 25, 9, 401, 113, 10, 10, 34, 3, 23, 29, 25, 19, 3, 9, 11, 0
90, CIVILIZATION_CHINA, 2, 12, 12, 7, 13, 0, 0, 1, 24, 5, 280, 97, 17, 6, 22, 3, 26, 33, 24, 11, 2, 11, 0, 0
90, CIVILIZATION_JAPAN, 3, 17, 14, 9, 9, 0, 0, 0, 37, 14, 427, 158, 17, 12, 26, 24, 41, 55, 37, 20, 5, 16, 5, 11
90, CIVILIZATION_AMERICA, 3, 13, 13, 8, 4, 0, 0, 0, 34, 8, 217, 108, 19, 14, 13, 2, 38, 33, 34, 21, 3, 12, 0, 0
90, CIVILIZATION_SPAIN, 3, 10, 11, 6, 4, 0, 0, 2, 31, 6, 91, 244, 9, 5, 21, 5, 34, 29, 31, 15, 2, 9, 4, 3
90, CIVILIZATION_EGYPT, 4, 15, 10, 10, 8, 0, 0, 1, 41, 8, 299, 159, 13, 10, 16, 16, 31, 46, 41, 17, 1, 14, 0, 8
90, CIVILIZATION_KONGO, 3, 9, 11, 7, 5, 0, 0, 0, 30, 5, 199, 146, 14, 8, 7, 3, 20, 31, 30, 16, 1, 8, 0, 0
90, CIVILIZATION_AZTEC, 2, 5, 9, 4, 4, 0, 0, 0, 20, 1, 200, 19, 7, 2, 11, 1, 16, 11, 20, 10, 2, 4, 0, 0
90, CIVILIZATION_JAKARTA, 1, 6, 12, 8, 11, 0, 0, 0, 8, 2, 128, 69, 6, 5, 9, 2, 6, 14, 8, 15, 0, 6, 3, 0
90, CIVILIZATION_HATTUSA, 1, 5, 13, 10, 6, 0, 0, 0, 8, 5, 216, 21, 7, 4, 6, 1, 7, 11, 8, 15, 1, 5, 0, 0
90, CIVILIZATION_ZANZIBAR, 1, 5, 12, 8, 8, 0, 0, 0, 8, 6, 330, 14, 7, 5, 17, 1, 6, 13, 8, 16, 1, 5, 7, 0
90, CIVILIZATION_JERUSALEM, 1, 7, 13, 9, 6, 0, 0, 0, 9, 1, 88, 74, 7, 5, 6, 3, 4, 20, 9, 13, 1, 6, 0, 0
90, CIVILIZATION_VALLETTA, 1, 8, 15, 9, 8, 0, 0, 0, 8, 7, 179, 80, 8, 7, 10, 2, 4, 24, 8, 13, 0, 8, 7, 0
90, CIVILIZATION_PRESLAV, 1, 9, 14, 4, 6, 0, 0, 0, 7, 6, 183, 0, 7, 3, 5, 0, 1, 23, 7, 11, 0, 10, 0, 0
90, CIVILIZATION_LISBON, 1, 6, 11, 10, 10, 0, 0, 0, 7, 4, 265, 39, 6, 5, 6, 1, 6, 16, 7, 15, 0, 5, 0, 0
90, CIVILIZATION_CARTHAGE, 1, 7, 13, 4, 5, 0, 0, 0, 7, 3, 367, 0, 6, 4, 5, 0, 2, 15, 7, 13, 0, 7, 0, 0
90, CIVILIZATION_KABUL, 1, 5, 12, 10, 11, 0, 0, 0, 7, 3, 283, 40, 6, 5, 6, 1, 4, 12, 7, 13, 0, 5, 0, 0
90, CIVILIZATION_AMSTERDAM, 1, 8, 13, 10, 6, 0, 0, 0, 7, 4, 293, 15, 8, 6, 10, 0, 2, 20, 7, 13, 1, 9, 0, 0
90, CIVILIZATION_PALENQUE, 1, 8, 12, 10, 5, 0, 0, 0, 8, 5, 190, 51, 10, 6, 8, 1, 4, 18, 8, 13, 1, 9, 0, 0
90, CIVILIZATION_STOCKHOLM, 1, 6, 12, 9, 6, 0, 0, 0, 7, 5, 331, 39, 11, 5, 10, 1, 6, 12, 7, 15, 1, 5, 5, 0
90, CIVILIZATION_ARMAGH, 1, 5, 14, 10, 6, 0, 0, 0, 9, 7, 222, 258, 6, 5, 8, 4, 6, 14, 9, 15, 1, 5, 0, 0
90, CIVILIZATION_KANDY, 1, 5, 13, 9, 4, 0, 0, 0, 10, 6, 250, 72, 6, 5, 14, 1, 3, 15, 10, 13, 1, 5, 0, 0
90, CIVILIZATION_KUMASI, 1, 2, 12, 9, 10, 0, 0, 0, 7, 3, 252, 52, 4, 4, 7, 2, 4, 5, 7, 13, 1, 1, 0, 0
90, CIVILIZATION_GRANADA, 1, 6, 10, 9, 12, 0, 0, 0, 8, 6, 178, 95, 6, 5, 9, 1, 6, 19, 8, 13, 0, 5, 5, 0
90, CIVILIZATION_BRUSSELS, 1, 7, 13, 10, 7, 0, 0, 0, 7, 5, 225, 38, 8, 6, 9, 2, 4, 17, 7, 15, 0, 7, 5, 0
91, CIVILIZATION_ROME, 2, 10, 13, 10, 3, 0, 0, 0, 25, 9, 321, 116, 10, 10, 34, 3, 23, 29, 25, 19, 3, 9, 11, 0
91, CIVILIZATION_CHINA, 2, 12, 12, 7, 13, 0, 0, 1, 24, 5, 296, 100, 17, 6, 22, 3, 26, 33, 24, 11, 2, 11, 0, 0
91, CIVILIZATION_JAPAN, 3, 17, 14, 10, 9, 0, 0, 0, 38, 14, 352, 39, 17, 12, 25, 30, 45, 55, 38, 20, 5, 16, 5, 11
91, CIVILIZATION_AMERICA, 3, 13, 13, 8, 4, 0, 0, 0, 34, 8, 227, 110, 19, 14, 13, 2, 38, 33, 34, 21, 3, 12, 0, 0
91, CIVILIZATION_SPAIN, 3, 10, 12, 6, 4, 0, 0, 2, 32, 6, 105, 249, 9, 5, 18, 5, 35, 29, 32, 15, 2, 9, 4, 3
91, CIVILIZATION_EGYPT, 4, 16, 10, 10, 8, 0, 0, 1, 41, 9, 363, 176, 14, 10, 16, 16, 31, 47, 41, 17, 1, 15, 0, 8
91, CIVILIZATION_KONGO, 3, 9, 11, 8, 5, 0, 0, 0, 30, 5, 203, 149, 14, 8, 7, 3, 20, 31, 30, 16, 1, 8, 0, 0
91, CIVILIZATION_AZTEC, 2, 5, 9, 4, 4, 0, 0, 0, 20, 1, 210, 21, 7, 2, 12, 2, 12, 12, 20, 10, 2, 4, 0, 0
91, CIVILIZATION_JAKARTA, 1, 6, 12, 8, 11, 0, 0, 0, 8, 3, 134, 72, 7, 5, 14, 3, 7, 14, 8, 15, 1, 6, 3, 0
91, CIVILIZATION_HATTUSA, 1, 5, 13, 10, 6, 0, 0, 0, 8, 5, 220, 22, 7, 4, 6, 1, 7, 11, 8, 15, 1, 5, 0, 0
91, CIVILIZATION_ZANZIBAR, 1, 5, 12, 8, 8, 0, 0, 0, 8, 6, 341, 15, 7, 5, 17, 1, 6, 13, 8, 16, 1, 5, 7, 0
91, CIVILIZATION_JERUSALEM, 1, 7, 13, 9, 6, 0, 0, 0, 9, 1, 91, 78, 7, 5, 6, 3, 4, 20, 9, 13, 1, 6, 0, 0
91, CIVILIZATION_VALLETTA, 1, 8, 15, 9, 8, 0, 0, 0, 8, 7, 181, 83, 8, 7, 10, 2, 4, 24, 8, 13, 0, 8, 7, 0
91, CIVILIZATION_PRESLAV, 1, 9, 14, 4, 6, 0, 0, 0, 7, 6, 185, 0, 7, 3, 5, 0, 1, 23, 7, 11, 0, 10, 0, 0
91, CIVILIZATION_LISBON, 1, 6, 11, 10, 10, 0, 0, 0, 7, 4, 266, 41, 6, 5, 6, 1, 6, 16, 7, 15, 0, 5, 0, 0
91, CIVILIZATION_CARTHAGE, 1, 7, 13, 4, 5, 0, 0, 0, 7, 3, 368, 0, 6, 4, 5, 0, 2, 15, 7, 13, 0, 7, 0, 0
91, CIVILIZATION_KABUL, 1, 5, 12, 10, 10, 0, 0, 0, 7, 3, 289, 42, 6, 5, 6, 1, 4, 12, 7, 13, 0, 5, 0, 0
91, CIVILIZATION_AMSTERDAM, 1, 8, 13, 10, 6, 0, 0, 0, 7, 4, 299, 16, 8, 6, 10, 0, 2, 20, 7, 13, 1, 9, 0, 0
91, CIVILIZATION_PALENQUE, 1, 8, 12, 10, 5, 0, 0, 0, 8, 5, 190, 53, 10, 6, 8, 1, 4, 18, 8, 13, 1, 9, 0, 0
91, CIVILIZATION_STOCKHOLM, 1, 6, 12, 9, 6, 0, 0, 0, 7, 5, 335, 41, 11, 5, 10, 1, 6, 12, 7, 15, 1, 5, 5, 0
91, CIVILIZATION_ARMAGH, 1, 5, 14, 10, 6, 0, 0, 0, 9, 7, 226, 262, 6, 5, 8, 4, 6, 14, 9, 15, 1, 5, 0, 0
91, CIVILIZATION_KANDY, 1, 5, 13, 9, 4, 0, 0, 0, 10, 6, 262, 74, 6, 5, 14, 1, 3, 15, 10, 13, 1, 5, 0, 0
91, CIVILIZATION_KUMASI, 1, 3, 12, 9, 10, 0, 0, 0, 7, 3, 258, 54, 5, 4, 7, 2, 5, 5, 7, 13, 1, 2, 0, 0
91, CIVILIZATION_GRANADA, 1, 6, 11, 9, 12, 0, 0, 0, 8, 6, 178, 96, 6, 5, 9, 1, 6, 19, 8, 13, 0, 5, 5, 0
91, CIVILIZATION_BRUSSELS, 1, 7, 13, 10, 7, 0, 0, 0, 7, 5, 229, 41, 8, 6, 9, 2, 4, 17, 7, 15, 0, 7, 5, 0
92, CIVILIZATION_ROME, 2, 10, 13, 10, 3, 0, 0, 0, 26, 9, 350, 119, 10, 10, 34, 3, 23, 29, 26, 19, 3, 9, 11, 0